,x1,macro_plot_name,monitoring_status,date_x,tag_no,status_x,dbh_x,ht,crwn_rto,crwn_cl,li_cr_b_ht,crwn_rad,decay_cl,char_ht,scorch_ht,cr_sc_pct,comment_x,uv1,uv2,species_symbol,year,treatment,treatment_burn,experiment,date_y,species,status_y,top_kill_y_n,dbh_y,crown_ratio,epicormic_resprout_y_n,basal_resprout_y_n,basal_resprout_height_cm,basal_resprout_width_cm,resprout_count,comment_y,experiment_resprout
39,39,_190,PreBurn,8/28/2021 12:20,226,L,14.55,7,90,I,0.2,2,NA,0,NA,NA,NA,NA,NA,QUKE,controls,treat,control,new,NA,NA,NA,NA,NA,NA,NA,NA,NA,NA,NA,NA,NA
40,40,_190,PreBurn,8/28/2021 12:20,227,L,16.5,7.4,90,I,0.2,2.25,NA,0,NA,NA,NA,NA,NA,QUKE,controls,treat,control,new,NA,NA,NA,NA,NA,NA,NA,NA,NA,NA,NA,NA,NA
41,41,_190,PreBurn,8/28/2021 12:20,228,L,8.95,5.4,70,I,0.8,2.2,NA,0,NA,NA,NA,NA,NA,QUKE,controls,treat,control,new,NA,NA,NA,NA,NA,NA,NA,NA,NA,NA,NA,NA,NA
42,42,_190,PreBurn,8/28/2021 12:20,229,L,8.55,5.5,70,I,0,2,NA,0,NA,NA,NA,NA,NA,QUKE,controls,treat,control,new,NA,NA,NA,NA,NA,NA,NA,NA,NA,NA,NA,NA,NA
43,43,_190,PreBurn,8/28/2021 12:20,230,L,9.8,4.1,90,I,0.2,1.15,NA,0,NA,NA,NA,NA,NA,QUKE,controls,treat,control,new,NA,NA,NA,NA,NA,NA,NA,NA,NA,NA,NA,NA,NA
44,44,_190,PreBurn,8/28/2021 12:20,231,L,12.3,6.2,80,C,0.6,1.9,NA,0,NA,NA,NA,NA,NA,QUKE,controls,treat,control,new,NA,NA,NA,NA,NA,NA,NA,NA,NA,NA,NA,NA,NA
45,45,_190,PreBurn,8/28/2021 12:20,232,L,9.85,6.2,80,C,1.4,2,NA,0,NA,NA,NA,NA,NA,QUKE,controls,treat,control,new,NA,NA,NA,NA,NA,NA,NA,NA,NA,NA,NA,NA,NA
46,46,_190,PreBurn,8/28/2021 12:20,236,L,8,6.1,60,I,1,1.55,NA,0,NA,NA,NA,NA,NA,QUKE,controls,treat,control,new,NA,NA,NA,NA,NA,NA,NA,NA,NA,NA,NA,NA,NA
47,47,_190,PreBurn,8/28/2021 12:20,238,L,45.05,13.6,100,C,0,3.7,NA,0,NA,NA,NA,NA,NA,QUKE,controls,treat,control,new,NA,NA,NA,NA,NA,NA,NA,NA,NA,NA,NA,NA,NA
71,71,_191,PreBurn,8/28/2021 12:20,240,L,14.25,7.9,100,I,0.7,3,NA,0,NA,NA,NA,NA,NA,QUKE,controls,treat,control,new,NA,NA,NA,NA,NA,NA,NA,NA,NA,NA,NA,NA,NA
72,72,_191,PreBurn,8/28/2021 12:20,241,L,12.3,6,100,I,0.6,2,NA,0,NA,NA,NA,NA,NA,QUKE,controls,treat,control,new,NA,NA,NA,NA,NA,NA,NA,NA,NA,NA,NA,NA,NA
73,73,_191,PreBurn,8/28/2021 12:20,242,L,13,7.3,100,I,2.5,1.75,NA,0,NA,NA,NA,NA,NA,QUKE,controls,treat,control,new,NA,NA,NA,NA,NA,NA,NA,NA,NA,NA,NA,NA,NA
74,74,_191,PreBurn,8/28/2021 12:20,243,L,10.3,5.9,100,I,0.6,2.2,NA,0,NA,NA,NA,NA,NA,QUKE,controls,treat,control,new,NA,NA,NA,NA,NA,NA,NA,NA,NA,NA,NA,NA,NA
75,75,_191,PreBurn,8/28/2021 12:20,244,L,11.25,5.9,100,I,1,2.35,NA,0,NA,NA,NA,NA,NA,QUKE,controls,treat,control,new,NA,NA,NA,NA,NA,NA,NA,NA,NA,NA,NA,NA,NA
76,76,_191,PreBurn,8/28/2021 12:20,245,L,7.75,2.4,100,S,0.9,2,NA,0,NA,NA,NA,NA,NA,QUKE,controls,treat,control,new,NA,NA,NA,NA,NA,NA,NA,NA,NA,NA,NA,NA,NA
77,77,_191,PreBurn,8/28/2021 12:20,246,L,25,9.2,100,C,1,3.5,NA,0,NA,NA,NA,NA,NA,QUKE,controls,treat,control,new,NA,NA,NA,NA,NA,NA,NA,NA,NA,NA,NA,NA,NA
78,78,_191,PreBurn,8/28/2021 12:20,247,L,7.85,5,100,S,0.2,1.9,NA,0,NA,NA,NA,NA,NA,QUKE,controls,treat,control,new,NA,NA,NA,NA,NA,NA,NA,NA,NA,NA,NA,NA,NA
79,79,_191,PreBurn,8/28/2021 12:20,251,L,14.1,7.2,100,I,0.6,2.2,NA,0,NA,NA,NA,NA,NA,QUKE,controls,treat,control,new,NA,NA,NA,NA,NA,NA,NA,NA,NA,NA,NA,NA,NA
80,80,_191,PreBurn,8/28/2021 12:20,252,L,12.65,5.3,90,I,0.1,1.75,NA,0,NA,NA,NA,NA,NA,QUKE,controls,treat,control,new,NA,NA,NA,NA,NA,NA,NA,NA,NA,NA,NA,NA,NA
119,119,_190,PostBurnYear1,9/26/2022 11:06,226,L,15.1,7,100,I,0,2.5,NA,NA,NA,NA,NA,NA,NA,QUKE,controls,treat,control,new,2022,QUKE,L,N,15.1,100,N,N,NA,NA,NA,NA,new_exp_2022
120,120,_190,PostBurnYear1,9/26/2022 11:06,227,L,18,7.4,100,I,0,2.75,NA,NA,NA,NA,NA,NA,NA,QUKE,controls,treat,control,new,2022,QUKE,L,N,18,100,N,N,NA,NA,NA,NA,new_exp_2022
121,121,_190,PostBurnYear1,9/26/2022 11:06,228,L,9.45,5.8,100,I,1,2.25,NA,NA,NA,NA,NA,NA,NA,QUKE,controls,treat,control,new,2022,QUKE,L,N,9.45,100,N,N,NA,NA,NA,NA,new_exp_2022
122,122,_190,PostBurnYear1,9/26/2022 11:06,229,L,9.15,5.7,100,I,0.5,2.25,NA,NA,NA,NA,NA,NA,NA,QUKE,controls,treat,control,new,2022,QUKE,L,N,9.15,100,N,N,NA,NA,NA,NA,new_exp_2022
123,123,_190,PostBurnYear1,9/26/2022 11:06,230,L,10.15,4.3,100,I,0,1.5,NA,NA,NA,NA,NA,NA,NA,QUKE,controls,treat,control,new,2022,QUKE,L,N,10.15,100,N,N,NA,NA,NA,NA,new_exp_2022
124,124,_190,PostBurnYear1,9/26/2022 11:06,231,L,13.1,6.3,100,C,0.1,2,NA,NA,NA,NA,NA,NA,NA,QUKE,controls,treat,control,new,2022,QUKE,L,N,13.1,100,N,N,NA,NA,NA,NA,new_exp_2022
125,125,_190,PostBurnYear1,9/26/2022 11:06,232,L,10.9,6.5,90,C,1.1,2,NA,NA,NA,NA,NA,NA,NA,QUKE,controls,treat,control,new,2022,QUKE,L,N,10.9,90,N,N,NA,NA,NA,NA,new_exp_2022
126,126,_190,PostBurnYear1,9/26/2022 11:06,236,L,9.15,6.5,100,I,0,1.5,NA,NA,NA,NA,NA,NA,NA,QUKE,controls,treat,control,new,2022,QUKE,L,N,9.15,100,N,N,NA,NA,NA,NA,new_exp_2022
127,127,_190,PostBurnYear1,9/26/2022 11:06,238,L,45.85,8.6,80,C,0,4,NA,NA,NA,NA,top broke off.,NA,NA,QUKE,controls,treat,control,new,2022,QUKE,L,N,45.85,80,N,N,NA,NA,NA,Top broke.,new_exp_2022
152,152,_191,PostBurnYear1,9/26/2022 11:07,240,L,15.8,7.9,100,I,0.4,3.5,NA,NA,NA,NA,NA,NA,NA,QUKE,controls,treat,control,new,2022,QUKE,L,N,15.8,100,N,N,NA,NA,NA,NA,new_exp_2022
153,153,_191,PostBurnYear1,9/26/2022 11:07,241,L,12.85,6,100,I,0.5,1.5,NA,NA,NA,NA,NA,NA,NA,QUKE,controls,treat,control,new,2022,QUKE,L,N,12.85,100,N,N,NA,NA,NA,NA,new_exp_2022
154,154,_191,PostBurnYear1,9/26/2022 11:07,242,L,13.3,7.5,100,I,2,1.5,NA,NA,NA,NA,NA,NA,NA,QUKE,controls,treat,control,new,2022,QUKE,L,N,13.3,100,N,N,NA,NA,NA,NA,new_exp_2022
155,155,_191,PostBurnYear1,9/26/2022 11:07,243,L,10.9,6,100,I,0.6,1.5,NA,NA,NA,NA,NA,NA,NA,QUKE,controls,treat,control,new,2022,QUKE,L,N,10.9,100,N,N,NA,NA,NA,NA,new_exp_2022
156,156,_191,PostBurnYear1,9/26/2022 11:07,244,L,11.95,6.1,100,I,0.8,2,NA,NA,NA,NA,NA,NA,NA,QUKE,controls,treat,control,new,2022,QUKE,L,N,11.95,100,N,N,NA,NA,NA,NA,new_exp_2022
157,157,_191,PostBurnYear1,9/26/2022 11:07,245,L,8.05,2.5,100,S,0.6,1.5,NA,NA,NA,NA,NA,NA,NA,QUKE,controls,treat,control,new,2022,QUKE,L,N,8.05,100,N,N,NA,NA,NA,NA,new_exp_2022
158,158,_191,PostBurnYear1,9/26/2022 11:07,246,L,25.6,10,100,C,0.5,2.5,NA,NA,NA,NA,NA,NA,NA,QUKE,controls,treat,control,new,2022,QUKE,L,N,25.6,100,N,N,NA,NA,NA,NA,new_exp_2022
159,159,_191,PostBurnYear1,9/26/2022 11:07,247,L,8.5,5.1,100,S,0.6,1,NA,NA,NA,NA,NA,NA,NA,QUKE,controls,treat,control,new,2022,QUKE,L,N,8.5,100,N,N,NA,NA,NA,NA,new_exp_2022
160,160,_191,PostBurnYear1,9/26/2022 11:07,251,L,14.7,7.2,100,I,0,2,NA,NA,NA,NA,NA,NA,NA,QUKE,controls,treat,control,new,2022,QUKE,L,N,14.7,100,N,N,NA,NA,NA,NA,new_exp_2022
161,161,_191,PostBurnYear1,9/26/2022 11:07,252,L,13.05,6,100,I,0,1.25,NA,NA,NA,NA,NA,NA,NA,QUKE,controls,treat,control,new,2022,QUKE,L,N,13.05,100,N,N,NA,NA,NA,NA,new_exp_2022
368,368,_171,PreBurn,8/28/2021 12:12,51,D,58.35,2.5,NA,NA,NA,NA,5,0.9,NA,NA,NA,NA,NA,QUKE,yr1,treat13,leafout_burn,new,NA,NA,NA,NA,NA,NA,NA,NA,NA,NA,NA,NA,NA
369,369,_171,PreBurn,8/28/2021 12:12,52,L,58.7,16.4,100,C,0.7,5.5,NA,1.2,NA,NA,NA,NA,NA,QUKE,yr1,treat13,leafout_burn,new,NA,NA,NA,NA,NA,NA,NA,NA,NA,NA,NA,NA,NA
370,370,_171,PreBurn,8/28/2021 12:12,53,L,13.1,6.9,100,I,1,2.8,NA,0,NA,NA,NA,NA,NA,QUKE,yr1,treat13,leafout_burn,new,NA,NA,NA,NA,NA,NA,NA,NA,NA,NA,NA,NA,NA
371,371,_171,PreBurn,8/28/2021 12:12,56,L,44.7,10.2,100,I,0.8,4,NA,0,NA,NA,NA,NA,NA,QUKE,yr1,treat13,leafout_burn,new,NA,NA,NA,NA,NA,NA,NA,NA,NA,NA,NA,NA,NA
372,372,_171,PreBurn,8/28/2021 12:12,59,L,39.9,13,100,C,2,4.5,NA,0,NA,NA,NA,NA,NA,QUKE,yr1,treat13,leafout_burn,new,NA,NA,NA,NA,NA,NA,NA,NA,NA,NA,NA,NA,NA
373,373,_171,PreBurn,8/28/2021 12:12,60,L,44.4,12.2,100,C,1,4,NA,0,NA,NA,NA,NA,NA,QUKE,yr1,treat13,leafout_burn,new,NA,NA,NA,NA,NA,NA,NA,NA,NA,NA,NA,NA,NA
374,374,_171,PreBurn,8/28/2021 12:12,61,L,21.05,7.5,100,I,0.7,1.6,NA,0,NA,NA,NA,NA,NA,PIJE,yr1,treat13,leafout_burn,new,NA,NA,NA,NA,NA,NA,NA,NA,NA,NA,NA,NA,NA
375,375,_171,PreBurn,8/28/2021 12:12,62,L,13.1,6.5,100,S,1.4,1,NA,0,NA,NA,NA,NA,NA,PIJE,yr1,treat13,leafout_burn,new,NA,NA,NA,NA,NA,NA,NA,NA,NA,NA,NA,NA,NA
376,376,_198,PreBurn,8/28/2021 12:12,189,L,31.85,10,90,I,1.9,2.75,NA,0,NA,NA,NA,NA,NA,QUKE,yr1,treat13,leafout_burn,new,NA,NA,NA,NA,NA,NA,NA,NA,NA,NA,NA,NA,NA
377,377,_198,PreBurn,8/28/2021 12:12,190,L,48.3,18.5,100,D,7.4,3,NA,3.5,NA,NA,NA,NA,NA,PIJE,yr1,treat13,leafout_burn,new,NA,NA,NA,NA,NA,NA,NA,NA,NA,NA,NA,NA,NA
378,378,_198,PreBurn,8/28/2021 12:12,192,L,9.4,5.8,100,I,1.4,1.5,NA,0,NA,NA,NA,NA,NA,QUKE,yr1,treat13,leafout_burn,new,NA,NA,NA,NA,NA,NA,NA,NA,NA,NA,NA,NA,NA
379,379,_198,PreBurn,8/28/2021 12:12,193,L,7.7,5.2,100,I,1.2,1.1,NA,0,NA,NA,NA,NA,NA,QUKE,yr1,treat13,leafout_burn,new,NA,NA,NA,NA,NA,NA,NA,NA,NA,NA,NA,NA,NA
380,380,_198,PreBurn,8/28/2021 12:12,194,L,52.2,10,100,I,1.6,4.9,NA,0,NA,NA,NA,NA,NA,QUKE,yr1,treat13,leafout_burn,new,NA,NA,NA,NA,NA,NA,NA,NA,NA,NA,NA,NA,NA
381,381,_198,PreBurn,8/28/2021 12:12,195,L,38.8,12,100,I,7,3.8,NA,0,NA,NA,NA,NA,NA,QUKE,yr1,treat13,leafout_burn,new,NA,NA,NA,NA,NA,NA,NA,NA,NA,NA,NA,NA,NA
382,382,_198,PreBurn,8/28/2021 12:12,197,D,45,20.4,NA,NA,NA,NA,2,0,NA,NA,NA,NA,NA,PIJE,yr1,treat13,leafout_burn,new,NA,NA,NA,NA,NA,NA,NA,NA,NA,NA,NA,NA,NA
383,383,_172,PreBurn,8/28/2021 12:12,117,L,57.5,11.2,80,C,2.5,5.25,NA,0,NA,NA,NA,NA,NA,QUKE,yr1,treat13,leafout_burn,new,NA,NA,NA,NA,NA,NA,NA,NA,NA,NA,NA,NA,NA
384,384,_172,PreBurn,8/28/2021 12:12,118,L,51,9.2,90,I,2.9,3.75,NA,1.8,NA,NA,NA,NA,NA,QUKE,yr1,treat13,leafout_burn,new,NA,NA,NA,NA,NA,NA,NA,NA,NA,NA,NA,NA,NA
385,385,_172,PreBurn,8/28/2021 12:12,119,D,10,3,NA,NA,NA,NA,2,0,NA,NA,NA,NA,NA,PIJE,yr1,treat13,leafout_burn,new,NA,NA,NA,NA,NA,NA,NA,NA,NA,NA,NA,NA,NA
386,386,_172,PreBurn,8/28/2021 12:12,120,L,43.45,15,80,D,8,2.75,NA,0.6,NA,NA,NA,NA,NA,PIJE,yr1,treat13,leafout_burn,new,NA,NA,NA,NA,NA,NA,NA,NA,NA,NA,NA,NA,NA
387,387,_172,PreBurn,8/28/2021 12:12,122,L,46,16.2,100,C,7.8,2.5,NA,4,NA,NA,NA,NA,NA,PIJE,yr1,treat13,leafout_burn,new,NA,NA,NA,NA,NA,NA,NA,NA,NA,NA,NA,NA,NA
388,388,_172,PreBurn,8/28/2021 12:12,123,L,47.65,9.8,100,I,4,3.5,NA,1,NA,NA,NA,NA,NA,QUKE,yr1,treat13,leafout_burn,new,NA,NA,NA,NA,NA,NA,NA,NA,NA,NA,NA,NA,NA
389,389,_172,PreBurn,8/28/2021 12:12,124,L,52.85,9.9,100,I,4.3,3.6,NA,0,NA,NA,NA,NA,NA,QUKE,yr1,treat13,leafout_burn,new,NA,NA,NA,NA,NA,NA,NA,NA,NA,NA,NA,NA,NA
390,390,_172,PreBurn,8/28/2021 12:12,125,D,22,7.6,NA,NA,NA,NA,2,0.3,NA,NA,NA,NA,NA,PIJE,yr1,treat13,leafout_burn,new,NA,NA,NA,NA,NA,NA,NA,NA,NA,NA,NA,NA,NA
391,391,_172,PreBurn,8/28/2021 12:12,126,L,46.05,10.4,100,I,1.8,4,NA,0,NA,NA,NA,NA,NA,QUKE,yr1,treat13,leafout_burn,new,NA,NA,NA,NA,NA,NA,NA,NA,NA,NA,NA,NA,NA
392,392,_181,PreBurn,8/28/2021 12:12,95,L,17.75,3.4,100,S,0.5,1.6,NA,0,NA,NA,NA,NA,NA,PIJE,yr1,treat13,dormant_burn,new,NA,NA,NA,NA,NA,NA,NA,NA,NA,NA,NA,NA,NA
393,393,_181,PreBurn,8/28/2021 12:12,96,D,77.1,15.6,NA,NA,NA,NA,1,0,NA,NA,NA,NA,NA,QUKE,yr1,treat13,dormant_burn,new,NA,NA,NA,NA,NA,NA,NA,NA,NA,NA,NA,NA,NA
394,394,_181,PreBurn,8/28/2021 12:12,98,L,23.5,12.8,100,C,5,1.8,NA,0,NA,NA,NA,NA,NA,PIJE,yr1,treat13,dormant_burn,new,NA,NA,NA,NA,NA,NA,NA,NA,NA,NA,NA,NA,NA
395,395,_181,PreBurn,8/28/2021 12:12,99,L,36.8,12,100,C,5.1,2,NA,2.7,NA,NA,NA,NA,NA,PIJE,yr1,treat13,dormant_burn,new,NA,NA,NA,NA,NA,NA,NA,NA,NA,NA,NA,NA,NA
396,396,_181,PreBurn,8/28/2021 12:12,100,L,26.9,9.6,100,I,2.8,1.8,NA,2.4,NA,NA,NA,NA,NA,PIJE,yr1,treat13,dormant_burn,new,NA,NA,NA,NA,NA,NA,NA,NA,NA,NA,NA,NA,NA
397,397,_181,PreBurn,8/28/2021 12:12,101,L,10.6,6.1,100,I,3.2,1.6,NA,0,NA,NA,NA,NA,NA,QUKE,yr1,treat13,dormant_burn,new,NA,NA,NA,NA,NA,NA,NA,NA,NA,NA,NA,NA,NA
398,398,_181,PreBurn,8/28/2021 12:12,103,L,14.7,6.3,100,I,2.5,1.5,NA,0,NA,NA,NA,NA,NA,QUKE,yr1,treat13,dormant_burn,new,NA,NA,NA,NA,NA,NA,NA,NA,NA,NA,NA,NA,NA
399,399,_181,PreBurn,8/28/2021 12:12,104,L,11.3,6,100,I,4.5,1,NA,0,NA,NA,NA,NA,NA,QUKE,yr1,treat13,dormant_burn,new,NA,NA,NA,NA,NA,NA,NA,NA,NA,NA,NA,NA,NA
400,400,_181,PreBurn,8/28/2021 12:12,105,L,8.85,5.1,100,I,3.5,1.95,NA,0,NA,NA,NA,NA,NA,QUKE,yr1,treat13,dormant_burn,new,NA,NA,NA,NA,NA,NA,NA,NA,NA,NA,NA,NA,NA
401,401,_181,PreBurn,8/28/2021 12:12,106,L,10.25,7,100,I,5.2,1.2,NA,0,NA,NA,NA,NA,NA,QUKE,yr1,treat13,dormant_burn,new,NA,NA,NA,NA,NA,NA,NA,NA,NA,NA,NA,NA,NA
402,402,_181,PreBurn,8/28/2021 12:12,107,L,12.6,7.1,100,I,3,1.25,NA,0,NA,NA,NA,NA,NA,QUKE,yr1,treat13,dormant_burn,new,NA,NA,NA,NA,NA,NA,NA,NA,NA,NA,NA,NA,NA
403,403,_181,PreBurn,8/28/2021 12:12,108,L,9.4,7,100,I,2.7,1.25,NA,0,NA,NA,NA,NA,NA,QUKE,yr1,treat13,dormant_burn,new,NA,NA,NA,NA,NA,NA,NA,NA,NA,NA,NA,NA,NA
404,404,_181,PreBurn,8/28/2021 12:12,109,L,21.9,9.8,100,C,2.7,1.9,NA,0.8,NA,NA,NA,NA,NA,PIJE,yr1,treat13,dormant_burn,new,NA,NA,NA,NA,NA,NA,NA,NA,NA,NA,NA,NA,NA
405,405,_181,PreBurn,8/28/2021 12:12,110,L,15.6,6.9,100,I,1.5,2.4,NA,0,NA,NA,NA,NA,NA,QUKE,yr1,treat13,dormant_burn,new,NA,NA,NA,NA,NA,NA,NA,NA,NA,NA,NA,NA,NA
406,406,_181,PreBurn,8/28/2021 12:12,111,L,43.75,12.8,100,C,1,4,NA,0.3,NA,NA,NA,NA,NA,QUKE,yr1,treat13,dormant_burn,new,NA,NA,NA,NA,NA,NA,NA,NA,NA,NA,NA,NA,NA
407,407,_181,PreBurn,8/28/2021 12:12,112,L,55.3,12.9,100,C,1.6,4,NA,0.3,NA,NA,NA,NA,NA,QUKE,yr1,treat13,dormant_burn,new,NA,NA,NA,NA,NA,NA,NA,NA,NA,NA,NA,NA,NA
408,408,_181,PreBurn,8/28/2021 12:12,113,L,49,7.4,100,I,1.8,2,NA,0,NA,NA,NA,NA,NA,QUKE,yr1,treat13,dormant_burn,new,NA,NA,NA,NA,NA,NA,NA,NA,NA,NA,NA,NA,NA
409,409,_181,PreBurn,8/28/2021 12:12,114,L,16.4,5.1,90,S,0.5,1.55,NA,0.3,NA,NA,NA,NA,NA,PIJE,yr1,treat13,dormant_burn,new,NA,NA,NA,NA,NA,NA,NA,NA,NA,NA,NA,NA,NA
410,410,_181,PreBurn,8/28/2021 12:12,115,L,44.7,11.9,90,C,2.1,5,NA,0,NA,NA,NA,NA,NA,QUKE,yr1,treat13,dormant_burn,new,NA,NA,NA,NA,NA,NA,NA,NA,NA,NA,NA,NA,NA
411,411,_177,PreBurn,8/28/2021 12:12,85,L,22,7,100,S,2,2,NA,0,NA,NA,NA,NA,NA,PIJE,yr1,treat13,dormant_burn,new,NA,NA,NA,NA,NA,NA,NA,NA,NA,NA,NA,NA,NA
412,412,_177,PreBurn,8/28/2021 12:12,86,D,95.4,3,NA,NA,NA,NA,5,3,NA,NA,NA,NA,NA,QUKE,yr1,treat13,dormant_burn,new,NA,NA,NA,NA,NA,NA,NA,NA,NA,NA,NA,NA,NA
413,413,_177,PreBurn,8/28/2021 12:12,90,D,51.9,1.8,NA,NA,NA,NA,5,1.8,NA,NA,NA,NA,NA,QUKE,yr1,treat13,dormant_burn,new,NA,NA,NA,NA,NA,NA,NA,NA,NA,NA,NA,NA,NA
414,414,_177,PreBurn,8/28/2021 12:12,91,L,19.6,10.6,100,I,0.7,2.45,NA,0,NA,NA,NA,NA,NA,QUKE,yr1,treat13,dormant_burn,new,NA,NA,NA,NA,NA,NA,NA,NA,NA,NA,NA,NA,NA
415,415,_177,PreBurn,8/28/2021 12:12,92,L,11.1,4.4,100,S,1.8,1,NA,0,NA,NA,NA,NA,NA,PIJE,yr1,treat13,dormant_burn,new,NA,NA,NA,NA,NA,NA,NA,NA,NA,NA,NA,NA,NA
416,416,_177,PreBurn,8/28/2021 12:12,93,L,90.55,15,70,C,1.4,7,NA,0,NA,NA,NA,NA,NA,QUKE,yr1,treat13,dormant_burn,new,NA,NA,NA,NA,NA,NA,NA,NA,NA,NA,NA,NA,NA
417,417,_177,PreBurn,8/28/2021 12:12,94,L,67.4,13.2,90,C,1.2,6.6,NA,0,NA,NA,NA,NA,NA,QUKE,yr1,treat13,dormant_burn,new,NA,NA,NA,NA,NA,NA,NA,NA,NA,NA,NA,NA,NA
418,418,_175,PreBurn,8/28/2021 12:12,41,L,40.1,11.6,60,I,1.2,5.75,NA,0,NA,NA,NA,NA,NA,QUKE,yr1,treat13,leafout_burn,new,NA,NA,NA,NA,NA,NA,NA,NA,NA,NA,NA,NA,NA
419,419,_175,PreBurn,8/28/2021 12:12,42,L,73.9,5.8,30,I,1.4,5,NA,0,NA,NA,NA,NA,NA,QUKE,yr1,treat13,leafout_burn,new,NA,NA,NA,NA,NA,NA,NA,NA,NA,NA,NA,NA,NA
420,420,_175,PreBurn,8/28/2021 12:12,45,L,21.9,7.6,100,S,1.8,0.9,NA,0,NA,NA,NA,NA,NA,PIJE,yr1,treat13,leafout_burn,new,NA,NA,NA,NA,NA,NA,NA,NA,NA,NA,NA,NA,NA
421,421,_175,PreBurn,8/28/2021 12:12,46,L,33.75,10.2,100,C,0.8,2.75,NA,0,NA,NA,NA,NA,NA,QUKE,yr1,treat13,leafout_burn,new,NA,NA,NA,NA,NA,NA,NA,NA,NA,NA,NA,NA,NA
422,422,_175,PreBurn,8/28/2021 12:12,47,L,41.1,12.6,90,C,1.6,4,NA,0,NA,NA,NA,NA,NA,QUKE,yr1,treat13,leafout_burn,new,NA,NA,NA,NA,NA,NA,NA,NA,NA,NA,NA,NA,NA
423,423,_175,PreBurn,8/28/2021 12:12,48,L,34.05,9,100,I,2,3.9,NA,0,NA,NA,NA,NA,NA,QUKE,yr1,treat13,leafout_burn,new,NA,NA,NA,NA,NA,NA,NA,NA,NA,NA,NA,NA,NA
424,424,_175,PreBurn,8/28/2021 12:12,49,L,55.15,13.2,90,C,2,4.5,NA,0,NA,NA,NA,NA,NA,QUKE,yr1,treat13,leafout_burn,new,NA,NA,NA,NA,NA,NA,NA,NA,NA,NA,NA,NA,NA
425,425,_175,PreBurn,8/28/2021 12:12,50,L,63.3,13,100,C,2.4,3.9,NA,0,NA,NA,NA,NA,NA,QUKE,yr1,treat13,leafout_burn,new,NA,NA,NA,NA,NA,NA,NA,NA,NA,NA,NA,NA,NA
426,426,_200,PreBurn,8/28/2021 12:12,199,D,54.15,4.4,NA,NA,NA,NA,5,0,NA,NA,NA,NA,NA,QUKE,yr1,treat13,leafout_burn,new,NA,NA,NA,NA,NA,NA,NA,NA,NA,NA,NA,NA,NA
427,427,_200,PreBurn,8/28/2021 12:12,202,L,8,5.9,100,I,0.6,1.3,NA,0,NA,NA,NA,NA,NA,QUKE,yr1,treat13,leafout_burn,new,NA,NA,NA,NA,NA,NA,NA,NA,NA,NA,NA,NA,NA
428,428,_200,PreBurn,8/28/2021 12:12,203,L,22.45,6.4,100,I,2.6,2.9,NA,0,NA,NA,NA,NA,NA,QUKE,yr1,treat13,leafout_burn,new,NA,NA,NA,NA,NA,NA,NA,NA,NA,NA,NA,NA,NA
429,429,_200,PreBurn,8/28/2021 12:12,204,L,11,6.2,100,I,0.6,1.75,NA,0,NA,NA,NA,NA,NA,QUKE,yr1,treat13,leafout_burn,new,NA,NA,NA,NA,NA,NA,NA,NA,NA,NA,NA,NA,NA
430,430,_200,PreBurn,8/28/2021 12:12,205,L,16.7,6.3,100,I,0.2,2.5,NA,0,NA,NA,NA,NA,NA,QUKE,yr1,treat13,leafout_burn,new,NA,NA,NA,NA,NA,NA,NA,NA,NA,NA,NA,NA,NA
431,431,_200,PreBurn,8/28/2021 12:12,206,L,12.2,6.5,100,I,0.9,2.6,NA,0,NA,NA,NA,NA,NA,QUKE,yr1,treat13,leafout_burn,new,NA,NA,NA,NA,NA,NA,NA,NA,NA,NA,NA,NA,NA
432,432,_200,PreBurn,8/28/2021 12:12,207,L,48.55,11,100,C,1,5.25,NA,0,NA,NA,NA,NA,NA,QUKE,yr1,treat13,leafout_burn,new,NA,NA,NA,NA,NA,NA,NA,NA,NA,NA,NA,NA,NA
433,433,_200,PreBurn,8/28/2021 12:12,208,L,60.35,15,90,C,1,7,NA,0,NA,NA,NA,NA,NA,QUKE,yr1,treat13,leafout_burn,new,NA,NA,NA,NA,NA,NA,NA,NA,NA,NA,NA,NA,NA
434,434,_200,PreBurn,8/28/2021 12:12,209,L,39.9,14.8,100,C,3.1,5,NA,0,NA,NA,NA,NA,NA,QUKE,yr1,treat13,leafout_burn,new,NA,NA,NA,NA,NA,NA,NA,NA,NA,NA,NA,NA,NA
435,435,_200,PreBurn,8/28/2021 12:12,210,L,10,5,100,S,0.9,1,NA,0,NA,NA,NA,NA,NA,PIJE,yr1,treat13,leafout_burn,new,NA,NA,NA,NA,NA,NA,NA,NA,NA,NA,NA,NA,NA
436,436,_200,PreBurn,8/28/2021 12:12,211,L,61.5,9.5,100,I,0.5,3.2,NA,0,NA,NA,NA,NA,NA,QUKE,yr1,treat13,leafout_burn,new,NA,NA,NA,NA,NA,NA,NA,NA,NA,NA,NA,NA,NA
437,437,_195,PreBurn,8/28/2021 12:12,131,L,9.65,6.1,100,I,3.6,1.25,NA,0,NA,NA,NA,NA,NA,QUKE,yr1,treat13,dormant_burn,new,NA,NA,NA,NA,NA,NA,NA,NA,NA,NA,NA,NA,NA
438,438,_195,PreBurn,8/28/2021 12:12,132,L,10.7,6.2,100,I,1.6,1.6,NA,0,NA,NA,NA,NA,NA,QUKE,yr1,treat13,dormant_burn,new,NA,NA,NA,NA,NA,NA,NA,NA,NA,NA,NA,NA,NA
439,439,_195,PreBurn,8/28/2021 12:12,133,L,10.7,6.9,90,I,1.4,1.2,NA,0,NA,NA,NA,NA,NA,QUKE,yr1,treat13,dormant_burn,new,NA,NA,NA,NA,NA,NA,NA,NA,NA,NA,NA,NA,NA
440,440,_195,PreBurn,8/28/2021 12:12,134,L,14.4,7.8,90,C,5.5,2.25,NA,0,NA,NA,NA,NA,NA,QUKE,yr1,treat13,dormant_burn,new,NA,NA,NA,NA,NA,NA,NA,NA,NA,NA,NA,NA,NA
441,441,_195,PreBurn,8/28/2021 12:12,135,L,11.05,7.2,90,I,1.7,2,NA,0,NA,NA,NA,NA,NA,QUKE,yr1,treat13,dormant_burn,new,NA,NA,NA,NA,NA,NA,NA,NA,NA,NA,NA,NA,NA
442,442,_195,PreBurn,8/28/2021 12:12,136,L,8.95,7.4,90,I,4,2,NA,0,NA,NA,NA,NA,NA,QUKE,yr1,treat13,dormant_burn,new,NA,NA,NA,NA,NA,NA,NA,NA,NA,NA,NA,NA,NA
443,443,_195,PreBurn,8/28/2021 12:12,137,L,11.1,6.5,60,I,2.5,2,NA,0,NA,NA,NA,NA,NA,QUKE,yr1,treat13,dormant_burn,new,NA,NA,NA,NA,NA,NA,NA,NA,NA,NA,NA,NA,NA
444,444,_195,PreBurn,8/28/2021 12:12,138,L,9.7,6.7,80,C,3,1.75,NA,0,NA,NA,NA,NA,NA,QUKE,yr1,treat13,dormant_burn,new,NA,NA,NA,NA,NA,NA,NA,NA,NA,NA,NA,NA,NA
445,445,_195,PreBurn,8/28/2021 12:12,140,L,9.05,6.1,70,S,2.8,1.5,NA,0,NA,NA,NA,NA,NA,QUKE,yr1,treat13,dormant_burn,new,NA,NA,NA,NA,NA,NA,NA,NA,NA,NA,NA,NA,NA
446,446,_195,PreBurn,8/28/2021 12:12,141,L,14.5,5.9,70,C,2.2,2.1,NA,0,NA,NA,NA,NA,NA,QUKE,yr1,treat13,dormant_burn,new,NA,NA,NA,NA,NA,NA,NA,NA,NA,NA,NA,NA,NA
447,447,_195,PreBurn,8/28/2021 12:12,142,L,12.35,5.9,80,C,2.5,1,NA,0,NA,NA,NA,NA,NA,QUKE,yr1,treat13,dormant_burn,new,NA,NA,NA,NA,NA,NA,NA,NA,NA,NA,NA,NA,NA
448,448,_195,PreBurn,8/28/2021 12:12,143,L,10.9,5.9,80,C,1.4,1.75,NA,0,NA,NA,NA,NA,NA,QUKE,yr1,treat13,dormant_burn,new,NA,NA,NA,NA,NA,NA,NA,NA,NA,NA,NA,NA,NA
449,449,_195,PreBurn,8/28/2021 12:12,144,L,7.95,5.3,100,I,1.2,2.25,NA,0,NA,NA,NA,NA,NA,QUKE,yr1,treat13,dormant_burn,new,NA,NA,NA,NA,NA,NA,NA,NA,NA,NA,NA,NA,NA
450,450,_195,PreBurn,8/28/2021 12:12,145,L,59,6.6,60,C,1.4,3.25,NA,0,NA,NA,NA,NA,NA,QUKE,yr1,treat13,dormant_burn,new,NA,NA,NA,NA,NA,NA,NA,NA,NA,NA,NA,NA,NA
451,451,_195,PreBurn,8/28/2021 12:12,146,L,9.05,6.2,100,I,2,1.75,NA,0,NA,NA,NA,NA,NA,QUKE,yr1,treat13,dormant_burn,new,NA,NA,NA,NA,NA,NA,NA,NA,NA,NA,NA,NA,NA
452,452,_195,PreBurn,8/28/2021 12:12,147,L,9.1,6.5,100,C,2,1.75,NA,0,NA,NA,NA,NA,NA,QUKE,yr1,treat13,dormant_burn,new,NA,NA,NA,NA,NA,NA,NA,NA,NA,NA,NA,NA,NA
453,453,_195,PreBurn,8/28/2021 12:12,149,L,8.65,6.9,100,C,1.8,1,NA,0,NA,NA,NA,NA,NA,QUKE,yr1,treat13,dormant_burn,new,NA,NA,NA,NA,NA,NA,NA,NA,NA,NA,NA,NA,NA
454,454,_195,PreBurn,8/28/2021 12:12,150,L,8.8,6.6,100,C,0.8,0.9,NA,0,NA,NA,NA,NA,NA,QUKE,yr1,treat13,dormant_burn,new,NA,NA,NA,NA,NA,NA,NA,NA,NA,NA,NA,NA,NA
455,455,_195,PreBurn,8/28/2021 12:12,151,L,7.65,6.1,100,C,2.4,0.9,NA,0,NA,NA,NA,NA,NA,QUKE,yr1,treat13,dormant_burn,new,NA,NA,NA,NA,NA,NA,NA,NA,NA,NA,NA,NA,NA
456,456,_195,PreBurn,8/28/2021 12:12,153,L,28.4,10.6,90,C,3.5,2.25,NA,4,NA,NA,NA,NA,NA,PIJE,yr1,treat13,dormant_burn,new,NA,NA,NA,NA,NA,NA,NA,NA,NA,NA,NA,NA,NA
457,457,_195,PreBurn,8/28/2021 12:12,156,D,60.05,11.5,NA,NA,NA,NA,2,0,NA,NA,NA,NA,NA,QUKE,yr1,treat13,dormant_burn,new,NA,NA,NA,NA,NA,NA,NA,NA,NA,NA,NA,NA,NA
458,458,_195,PreBurn,8/28/2021 12:12,159,L,11.35,7.2,100,I,0.8,2.25,NA,0,NA,NA,NA,NA,NA,QUKE,yr1,treat13,dormant_burn,new,NA,NA,NA,NA,NA,NA,NA,NA,NA,NA,NA,NA,NA
459,459,_195,PreBurn,8/28/2021 12:12,162,L,10,6.4,100,I,1.5,1.75,NA,0,NA,NA,NA,NA,NA,QUKE,yr1,treat13,dormant_burn,new,NA,NA,NA,NA,NA,NA,NA,NA,NA,NA,NA,NA,NA
460,460,_195,PreBurn,8/28/2021 12:12,163,L,10,5,100,I,1.3,2.25,NA,0,NA,NA,NA,NA,NA,QUKE,yr1,treat13,dormant_burn,new,NA,NA,NA,NA,NA,NA,NA,NA,NA,NA,NA,NA,NA
461,461,_195,PreBurn,8/28/2021 12:12,165,L,15.05,6.6,100,I,1.4,2.5,NA,0,NA,NA,NA,NA,NA,QUKE,yr1,treat13,dormant_burn,new,NA,NA,NA,NA,NA,NA,NA,NA,NA,NA,NA,NA,NA
462,462,_179,PreBurn,8/28/2021 12:12,65,L,28.15,9.4,100,I,2.1,2.5,NA,0,NA,NA,NA,NA,NA,PIJE,yr1,treat13,dormant_burn,new,NA,NA,NA,NA,NA,NA,NA,NA,NA,NA,NA,NA,NA
463,463,_179,PreBurn,8/28/2021 12:12,66,L,60.9,10.6,100,I,0.4,3.5,NA,0,NA,NA,NA,NA,NA,QUKE,yr1,treat13,dormant_burn,new,NA,NA,NA,NA,NA,NA,NA,NA,NA,NA,NA,NA,NA
464,464,_179,PreBurn,8/28/2021 12:12,67,L,72.4,18.4,80,D,1,6.1,NA,0,NA,NA,NA,NA,NA,QUKE,yr1,treat13,dormant_burn,new,NA,NA,NA,NA,NA,NA,NA,NA,NA,NA,NA,NA,NA
465,465,_179,PreBurn,8/28/2021 12:12,68,D,60.8,12,NA,NA,NA,NA,2,5,NA,NA,NA,NA,NA,QUKE,yr1,treat13,dormant_burn,new,NA,NA,NA,NA,NA,NA,NA,NA,NA,NA,NA,NA,NA
466,466,_179,PreBurn,8/28/2021 12:12,72,L,40.2,8.8,100,I,0.5,3.9,NA,0,NA,NA,NA,NA,NA,QUKE,yr1,treat13,dormant_burn,new,NA,NA,NA,NA,NA,NA,NA,NA,NA,NA,NA,NA,NA
467,467,_179,PreBurn,8/28/2021 12:12,74,L,40.8,14.8,100,C,5.6,2.75,NA,2.4,NA,NA,NA,NA,NA,PIJE,yr1,treat13,dormant_burn,new,NA,NA,NA,NA,NA,NA,NA,NA,NA,NA,NA,NA,NA
468,468,_170,PreBurn,8/28/2021 12:12,975,L,50.55,9.8,40,I,1,3.5,NA,0,NA,NA,ROCA-SM,0,0,QUKE,yr1,treat13,leafout_burn,new,NA,NA,NA,NA,NA,NA,NA,NA,NA,NA,NA,NA,NA
469,469,_170,PreBurn,8/28/2021 12:12,976,L,37.55,13.4,100,C,3.5,2.25,NA,1.7,NA,NA,QUKE-TOV,1.5,0.3,PIJE,yr1,treat13,leafout_burn,new,NA,NA,NA,NA,NA,NA,NA,NA,NA,NA,NA,NA,NA
470,470,_170,PreBurn,8/28/2021 12:12,977,L,41.6,6.5,80,S,0.5,3,NA,1.2,NA,NA,PIJE-TOV,1.5,0.1,QUKE,yr1,treat13,leafout_burn,new,NA,NA,NA,NA,NA,NA,NA,NA,NA,NA,NA,NA,NA
471,471,_170,PreBurn,8/28/2021 12:12,978,L,10.45,5.5,100,S,0.9,0.9,NA,0.2,NA,NA,QUKE-TOV,1,2.2,PIJE,yr1,treat13,leafout_burn,new,NA,NA,NA,NA,NA,NA,NA,NA,NA,NA,NA,NA,NA
472,472,_170,PreBurn,8/28/2021 12:12,979,L,56.65,16.2,100,C,2.6,5.25,NA,0,NA,NA,QUKE-TOV,0,1.5,QUKE,yr1,treat13,leafout_burn,new,NA,NA,NA,NA,NA,NA,NA,NA,NA,NA,NA,NA,NA
473,473,_170,PreBurn,8/28/2021 12:12,980,L,71.3,16.3,100,C,0.8,6,NA,0,NA,NA,QUKE-TOV,0,1,QUKE,yr1,treat13,leafout_burn,new,NA,NA,NA,NA,NA,NA,NA,NA,NA,NA,NA,NA,NA
474,474,_170,PreBurn,8/28/2021 12:12,981,L,84.9,16.6,100,C,1.4,5.5,NA,0,NA,NA,QUKE-TOV,0,1,QUKE,yr1,treat13,leafout_burn,new,NA,NA,NA,NA,NA,NA,NA,NA,NA,NA,NA,NA,NA
475,475,_176,PreBurn,8/28/2021 12:12,76,L,19.4,6.2,80,S,2.2,2.9,NA,0,NA,NA,NA,NA,NA,QUKE,yr1,treat13,dormant_burn,new,NA,NA,NA,NA,NA,NA,NA,NA,NA,NA,NA,NA,NA
476,476,_176,PreBurn,8/28/2021 12:12,77,L,63.3,11.1,90,C,0.5,4.6,NA,0,NA,NA,NA,NA,NA,QUKE,yr1,treat13,dormant_burn,new,NA,NA,NA,NA,NA,NA,NA,NA,NA,NA,NA,NA,NA
477,477,_176,PreBurn,8/28/2021 12:12,79,L,29.1,7.8,100,I,2,2.6,NA,0,NA,NA,NA,NA,NA,PIJE,yr1,treat13,dormant_burn,new,NA,NA,NA,NA,NA,NA,NA,NA,NA,NA,NA,NA,NA
478,478,_176,PreBurn,8/28/2021 12:12,80,L,11.8,6.3,100,I,1.2,2.75,NA,0,NA,NA,NA,NA,NA,QUKE,yr1,treat13,dormant_burn,new,NA,NA,NA,NA,NA,NA,NA,NA,NA,NA,NA,NA,NA
479,479,_176,PreBurn,8/28/2021 12:12,81,L,11.15,6.3,90,I,1.4,1.9,NA,0,NA,NA,NA,NA,NA,QUKE,yr1,treat13,dormant_burn,new,NA,NA,NA,NA,NA,NA,NA,NA,NA,NA,NA,NA,NA
480,480,_176,PreBurn,8/28/2021 12:12,83,L,12.6,6.2,100,I,1,3.6,NA,0,NA,NA,NA,NA,NA,QUKE,yr1,treat13,dormant_burn,new,NA,NA,NA,NA,NA,NA,NA,NA,NA,NA,NA,NA,NA
481,481,_176,PreBurn,8/28/2021 12:12,84,L,35.15,14,100,C,1.4,1.9,NA,0,NA,NA,NA,NA,NA,PIJE,yr1,treat13,dormant_burn,new,NA,NA,NA,NA,NA,NA,NA,NA,NA,NA,NA,NA,NA
482,482,_196,PreBurn,8/28/2021 12:12,166,D,40,3.6,NA,NA,NA,NA,5,3.8,NA,NA,NA,NA,NA,QUKE,yr1,treat13,dormant_burn,new,NA,NA,NA,NA,NA,NA,NA,NA,NA,NA,NA,NA,NA
483,483,_196,PreBurn,8/28/2021 12:12,167,D,36.05,2.4,NA,NA,NA,NA,5,2.6,NA,NA,NA,NA,NA,QUKE,yr1,treat13,dormant_burn,new,NA,NA,NA,NA,NA,NA,NA,NA,NA,NA,NA,NA,NA
484,484,_196,PreBurn,8/28/2021 12:12,168,L,14.4,6.4,100,I,0.9,2.5,NA,0,NA,NA,NA,NA,NA,QUKE,yr1,treat13,dormant_burn,new,NA,NA,NA,NA,NA,NA,NA,NA,NA,NA,NA,NA,NA
485,485,_196,PreBurn,8/28/2021 12:12,171,L,45.8,12,100,C,0.8,4.25,NA,0,NA,NA,NA,NA,NA,QUKE,yr1,treat13,dormant_burn,new,NA,NA,NA,NA,NA,NA,NA,NA,NA,NA,NA,NA,NA
486,486,_196,PreBurn,8/28/2021 12:12,172,D,22.05,6.2,NA,NA,NA,NA,5,0,NA,NA,NA,NA,NA,QUKE,yr1,treat13,dormant_burn,new,NA,NA,NA,NA,NA,NA,NA,NA,NA,NA,NA,NA,NA
487,487,_196,PreBurn,8/28/2021 12:12,173,L,55.7,10.4,100,C,0.6,5,NA,0,NA,NA,NA,NA,NA,QUKE,yr1,treat13,dormant_burn,new,NA,NA,NA,NA,NA,NA,NA,NA,NA,NA,NA,NA,NA
488,488,_196,PreBurn,8/28/2021 12:12,174,L,16.4,8.6,100,I,1.8,2.2,NA,0,NA,NA,NA,NA,NA,QUKE,yr1,treat13,dormant_burn,new,NA,NA,NA,NA,NA,NA,NA,NA,NA,NA,NA,NA,NA
489,489,_196,PreBurn,8/28/2021 12:12,175,L,64.4,11.9,100,C,0.8,5.25,NA,0,NA,NA,NA,NA,NA,QUKE,yr1,treat13,dormant_burn,new,NA,NA,NA,NA,NA,NA,NA,NA,NA,NA,NA,NA,NA
490,490,_197,PreBurn,8/28/2021 12:12,183,L,41.1,16.8,90,C,2.5,3.25,NA,0,NA,NA,NA,NA,NA,QUKE,yr1,treat13,dormant_burn,new,NA,NA,NA,NA,NA,NA,NA,NA,NA,NA,NA,NA,NA
491,491,_197,PreBurn,8/28/2021 12:12,184,L,35.65,10.6,90,C,0.8,3.5,NA,0,NA,NA,NA,NA,NA,QUKE,yr1,treat13,dormant_burn,new,NA,NA,NA,NA,NA,NA,NA,NA,NA,NA,NA,NA,NA
492,492,_197,PreBurn,8/28/2021 12:12,185,L,34.6,11.4,100,C,5,2.5,NA,2,NA,NA,NA,NA,NA,PIJE,yr1,treat13,dormant_burn,new,NA,NA,NA,NA,NA,NA,NA,NA,NA,NA,NA,NA,NA
493,493,_197,PreBurn,8/28/2021 12:12,186,L,59.5,20.6,100,C,10.2,2.5,NA,0.7,NA,NA,NA,NA,NA,PIJE,yr1,treat13,dormant_burn,new,NA,NA,NA,NA,NA,NA,NA,NA,NA,NA,NA,NA,NA
494,494,_197,PreBurn,8/28/2021 12:12,187,L,47.5,20.6,100,C,10.5,1.5,NA,1,NA,NA,NA,NA,NA,PIJE,yr1,treat13,dormant_burn,new,NA,NA,NA,NA,NA,NA,NA,NA,NA,NA,NA,NA,NA
495,495,_173,PreBurn,8/28/2021 12:12,22,L,42,6.9,90,I,1,4,NA,0,NA,NA,NA,NA,NA,QUKE,yr1,treat13,leafout_burn,new,NA,NA,NA,NA,NA,NA,NA,NA,NA,NA,NA,NA,NA
496,496,_173,PreBurn,8/28/2021 12:12,23,L,33.9,9,90,I,1.2,3.25,NA,0,NA,NA,NA,NA,NA,QUKE,yr1,treat13,leafout_burn,new,NA,NA,NA,NA,NA,NA,NA,NA,NA,NA,NA,NA,NA
497,497,_173,PreBurn,8/28/2021 12:12,25,L,33,12.4,100,C,1,4.1,NA,0,NA,NA,NA,NA,NA,QUKE,yr1,treat13,leafout_burn,new,NA,NA,NA,NA,NA,NA,NA,NA,NA,NA,NA,NA,NA
498,498,_173,PreBurn,8/28/2021 12:12,26,L,32.65,12.3,100,C,1.3,4,NA,0,NA,NA,NA,NA,NA,QUKE,yr1,treat13,leafout_burn,new,NA,NA,NA,NA,NA,NA,NA,NA,NA,NA,NA,NA,NA
499,499,_173,PreBurn,8/28/2021 12:12,27,L,33.8,12.5,100,C,1.4,4,NA,0,NA,NA,NA,NA,NA,QUKE,yr1,treat13,leafout_burn,new,NA,NA,NA,NA,NA,NA,NA,NA,NA,NA,NA,NA,NA
500,500,_173,PreBurn,8/28/2021 12:12,28,L,39.3,12.4,100,C,1,4.6,NA,0,NA,NA,NA,NA,NA,QUKE,yr1,treat13,leafout_burn,new,NA,NA,NA,NA,NA,NA,NA,NA,NA,NA,NA,NA,NA
501,501,_173,PreBurn,8/28/2021 12:12,29,L,39.15,8.4,100,I,0.8,3.75,NA,0,NA,NA,NA,NA,NA,QUKE,yr1,treat13,leafout_burn,new,NA,NA,NA,NA,NA,NA,NA,NA,NA,NA,NA,NA,NA
502,502,_173,PreBurn,8/28/2021 12:12,30,D,29.3,2.8,NA,NA,NA,NA,5,0,NA,NA,NA,NA,NA,QUKE,yr1,treat13,leafout_burn,new,NA,NA,NA,NA,NA,NA,NA,NA,NA,NA,NA,NA,NA
503,503,_173,PreBurn,8/28/2021 12:12,31,L,20.5,4.5,80,I,0.4,0.75,NA,0,NA,NA,NA,NA,NA,PIJE,yr1,treat13,leafout_burn,new,NA,NA,NA,NA,NA,NA,NA,NA,NA,NA,NA,NA,NA
504,504,_173,PreBurn,8/28/2021 12:12,32,L,12,4.3,80,S,2.1,0.6,NA,0,NA,NA,NA,NA,NA,PIJE,yr1,treat13,leafout_burn,new,NA,NA,NA,NA,NA,NA,NA,NA,NA,NA,NA,NA,NA
505,505,_173,PreBurn,8/28/2021 12:12,33,L,57.8,8.5,70,C,1.8,3.5,NA,0,NA,NA,NA,NA,NA,QUKE,yr1,treat13,leafout_burn,new,NA,NA,NA,NA,NA,NA,NA,NA,NA,NA,NA,NA,NA
506,506,_173,PreBurn,8/28/2021 12:12,34,D,32.75,2.8,NA,NA,NA,NA,2,2.5,NA,NA,NA,NA,NA,QUKE,yr1,treat13,leafout_burn,new,NA,NA,NA,NA,NA,NA,NA,NA,NA,NA,NA,NA,NA
507,507,_173,PreBurn,8/28/2021 12:12,35,L,14.1,7,90,S,1.4,1.75,NA,0,NA,NA,NA,NA,NA,PIJE,yr1,treat13,leafout_burn,new,NA,NA,NA,NA,NA,NA,NA,NA,NA,NA,NA,NA,NA
508,508,_173,PreBurn,8/28/2021 12:12,36,L,40.2,8.5,90,C,1.4,4.5,NA,0,NA,NA,NA,NA,NA,QUKE,yr1,treat13,leafout_burn,new,NA,NA,NA,NA,NA,NA,NA,NA,NA,NA,NA,NA,NA
509,509,_173,PreBurn,8/28/2021 12:12,37,L,12,6.1,100,I,0.4,1.6,NA,0,NA,NA,NA,NA,NA,PIJE,yr1,treat13,leafout_burn,new,NA,NA,NA,NA,NA,NA,NA,NA,NA,NA,NA,NA,NA
510,510,_180,PreBurn,8/28/2021 12:12,2,L,19.15,8,100,C,1.3,2.9,NA,0,NA,NA,NA,NA,NA,QUKE,yr1,treat13,dormant_burn,new,NA,NA,NA,NA,NA,NA,NA,NA,NA,NA,NA,NA,NA
511,511,_180,PreBurn,8/28/2021 12:12,3,L,10.45,6.4,100,I,1.4,1.75,NA,0,NA,NA,NA,NA,NA,QUKE,yr1,treat13,dormant_burn,new,NA,NA,NA,NA,NA,NA,NA,NA,NA,NA,NA,NA,NA
512,512,_180,PreBurn,8/28/2021 12:12,4,L,9.75,5.8,100,I,1.8,2,NA,0,NA,NA,NA,NA,NA,QUKE,yr1,treat13,dormant_burn,new,NA,NA,NA,NA,NA,NA,NA,NA,NA,NA,NA,NA,NA
513,513,_180,PreBurn,8/28/2021 12:12,6,L,16.1,8.5,100,C,2,2.4,NA,0,NA,NA,NA,NA,NA,QUKE,yr1,treat13,dormant_burn,new,NA,NA,NA,NA,NA,NA,NA,NA,NA,NA,NA,NA,NA
514,514,_180,PreBurn,8/28/2021 12:12,7,L,11.9,5.6,90,S,2,1.25,NA,0,NA,NA,NA,NA,NA,PIJE,yr1,treat13,dormant_burn,new,NA,NA,NA,NA,NA,NA,NA,NA,NA,NA,NA,NA,NA
515,515,_180,PreBurn,8/28/2021 12:12,8,L,101.2,6.4,80,C,1.1,6.5,NA,0,NA,NA,NA,NA,NA,QUKE,yr1,treat13,dormant_burn,new,NA,NA,NA,NA,NA,NA,NA,NA,NA,NA,NA,NA,NA
516,516,_180,PreBurn,8/28/2021 12:12,9,L,64.6,10.4,70,C,0.5,5,NA,0,NA,NA,NA,NA,NA,QUKE,yr1,treat13,dormant_burn,new,NA,NA,NA,NA,NA,NA,NA,NA,NA,NA,NA,NA,NA
517,517,_180,PreBurn,8/28/2021 12:12,11,L,8,3.9,90,S,0.9,1,NA,0.5,NA,NA,NA,NA,NA,PIJE,yr1,treat13,dormant_burn,new,NA,NA,NA,NA,NA,NA,NA,NA,NA,NA,NA,NA,NA
518,518,_180,PreBurn,8/28/2021 12:12,12,L,12.6,7.2,100,I,3,2,NA,0,NA,NA,NA,NA,NA,QUKE,yr1,treat13,dormant_burn,new,NA,NA,NA,NA,NA,NA,NA,NA,NA,NA,NA,NA,NA
519,519,_180,PreBurn,8/28/2021 12:12,13,L,8.2,6,100,I,1,1,NA,0,NA,NA,NA,NA,NA,QUKE,yr1,treat13,dormant_burn,new,NA,NA,NA,NA,NA,NA,NA,NA,NA,NA,NA,NA,NA
520,520,_180,PreBurn,8/28/2021 12:12,14,L,11.1,7,100,I,2,1.25,NA,0,NA,NA,NA,NA,NA,QUKE,yr1,treat13,dormant_burn,new,NA,NA,NA,NA,NA,NA,NA,NA,NA,NA,NA,NA,NA
521,521,_180,PreBurn,8/28/2021 12:12,15,L,17.35,9,100,C,1.2,3.5,NA,0,NA,NA,NA,NA,NA,QUKE,yr1,treat13,dormant_burn,new,NA,NA,NA,NA,NA,NA,NA,NA,NA,NA,NA,NA,NA
522,522,_180,PreBurn,8/28/2021 12:12,16,D,41.3,7.6,NA,NA,NA,NA,2,5.4,NA,NA,NA,NA,NA,PIJE,yr1,treat13,dormant_burn,new,NA,NA,NA,NA,NA,NA,NA,NA,NA,NA,NA,NA,NA
523,523,_180,PreBurn,8/28/2021 12:12,17,L,17.4,8,100,I,2.1,1.5,NA,0,NA,NA,NA,NA,NA,QUKE,yr1,treat13,dormant_burn,new,NA,NA,NA,NA,NA,NA,NA,NA,NA,NA,NA,NA,NA
524,524,_180,PreBurn,8/28/2021 12:12,18,L,8.3,3,90,S,1.2,0.6,NA,0,NA,NA,NA,NA,NA,QUKE,yr1,treat13,dormant_burn,new,NA,NA,NA,NA,NA,NA,NA,NA,NA,NA,NA,NA,NA
525,525,_180,PreBurn,8/28/2021 12:12,19,L,15.05,6,60,I,1.2,1.75,NA,0,NA,NA,NA,NA,NA,QUKE,yr1,treat13,dormant_burn,new,NA,NA,NA,NA,NA,NA,NA,NA,NA,NA,NA,NA,NA
526,526,_180,PreBurn,8/28/2021 12:12,20,L,14.35,8.2,100,C,3.2,2.25,NA,0,NA,NA,NA,NA,NA,QUKE,yr1,treat13,dormant_burn,new,NA,NA,NA,NA,NA,NA,NA,NA,NA,NA,NA,NA,NA
527,527,_199,PreBurn,8/28/2021 12:12,212,L,49.3,13.8,100,C,3.5,6.4,NA,0,NA,NA,NA,NA,NA,QUKE,yr1,treat13,leafout_burn,new,NA,NA,NA,NA,NA,NA,NA,NA,NA,NA,NA,NA,NA
528,528,_199,PreBurn,8/28/2021 12:12,213,L,38.65,8.4,100,C,1.6,4.5,NA,0,NA,NA,NA,NA,NA,QUKE,yr1,treat13,leafout_burn,new,NA,NA,NA,NA,NA,NA,NA,NA,NA,NA,NA,NA,NA
529,529,_199,PreBurn,8/28/2021 12:12,214,D,20.8,4.2,NA,NA,NA,NA,5,4.2,NA,NA,NA,NA,NA,QUKE,yr1,treat13,leafout_burn,new,NA,NA,NA,NA,NA,NA,NA,NA,NA,NA,NA,NA,NA
530,530,_199,PreBurn,8/28/2021 12:12,215,D,36.65,11,NA,NA,NA,NA,2,0,NA,NA,NA,NA,NA,QUKE,yr1,treat13,leafout_burn,new,NA,NA,NA,NA,NA,NA,NA,NA,NA,NA,NA,NA,NA
531,531,_199,PreBurn,8/28/2021 12:12,216,L,35.15,11.2,90,C,1,3.5,NA,0,NA,NA,NA,NA,NA,QUKE,yr1,treat13,leafout_burn,new,NA,NA,NA,NA,NA,NA,NA,NA,NA,NA,NA,NA,NA
532,532,_199,PreBurn,8/28/2021 12:12,217,L,13.4,4.6,100,I,2.3,1.2,NA,0,NA,NA,NA,NA,NA,PIJE,yr1,treat13,leafout_burn,new,NA,NA,NA,NA,NA,NA,NA,NA,NA,NA,NA,NA,NA
533,533,_199,PreBurn,8/28/2021 12:12,218,L,24.05,7.8,100,I,1.1,1.8,NA,1.4,NA,NA,NA,NA,NA,PIJE,yr1,treat13,leafout_burn,new,NA,NA,NA,NA,NA,NA,NA,NA,NA,NA,NA,NA,NA
534,534,_199,PreBurn,8/28/2021 12:12,220,L,63.3,9,90,C,2.8,3.6,NA,0,NA,NA,NA,NA,NA,QUKE,yr1,treat13,leafout_burn,new,NA,NA,NA,NA,NA,NA,NA,NA,NA,NA,NA,NA,NA
535,535,_199,PreBurn,8/28/2021 12:12,221,L,49.1,9.6,90,C,2.1,4.2,NA,0,NA,NA,NA,NA,NA,QUKE,yr1,treat13,leafout_burn,new,NA,NA,NA,NA,NA,NA,NA,NA,NA,NA,NA,NA,NA
536,536,_199,PreBurn,8/28/2021 12:12,222,L,26.6,12.6,100,C,4.4,1.9,NA,1,NA,NA,NA,NA,NA,PIJE,yr1,treat13,leafout_burn,new,NA,NA,NA,NA,NA,NA,NA,NA,NA,NA,NA,NA,NA
537,537,_199,PreBurn,8/28/2021 12:12,223,L,19,6.2,100,I,3.6,2.15,NA,2,NA,NA,NA,NA,NA,PIJE,yr1,treat13,leafout_burn,new,NA,NA,NA,NA,NA,NA,NA,NA,NA,NA,NA,NA,NA
538,538,_199,PreBurn,8/28/2021 12:12,224,L,91.05,10.8,80,C,3.2,6.1,NA,0,NA,NA,NA,NA,NA,QUKE,yr1,treat13,leafout_burn,new,NA,NA,NA,NA,NA,NA,NA,NA,NA,NA,NA,NA,NA
539,539,_171,PostBurnYear1,8/26/2022 14:20,51,D,61.5,2.5,NA,NA,NA,NA,5,0.86,NA,NA,NA,NA,NA,QUKE,yr2,treat13,leafout_burn,new,2022,QUKE,D,N,61.5,NA,N,N,NA,NA,NA,NA,new_exp_2022
540,540,_171,PostBurnYear1,8/26/2022 14:20,52,L,59.9,16.6,100,C,0.5,3.5,NA,1.35,2.5,3,NA,NA,NA,QUKE,yr2,treat13,leafout_burn,new,2022,QUKE,L,N,59.9,100,N,N,NA,NA,NA,NA,new_exp_2022
541,541,_171,PostBurnYear1,8/26/2022 14:20,53,L,13.6,7,100,I,0.4,2.75,NA,0,0,0,NA,NA,NA,QUKE,yr2,treat13,leafout_burn,new,2022,QUKE,L,N,13.6,100,N,N,NA,NA,NA,NA,new_exp_2022
542,542,_171,PostBurnYear1,8/26/2022 14:20,56,L,46.6,10.5,90,I,0.3,6,NA,0,1.5,5,NA,NA,NA,QUKE,yr2,treat13,leafout_burn,new,2022,QUKE,L,N,46.6,90,N,N,NA,NA,NA,NA,new_exp_2022
543,543,_171,PostBurnYear1,8/26/2022 14:20,59,L,40.2,13.2,100,C,0.5,4.5,NA,0,3,5,NA,NA,NA,QUKE,yr2,treat13,leafout_burn,new,2022,QUKE,L,N,40.2,100,N,N,NA,NA,NA,NA,new_exp_2022
544,544,_171,PostBurnYear1,8/26/2022 14:20,60,L,44.65,12.2,90,C,1,4.75,NA,0,6,10,NA,NA,NA,QUKE,yr2,treat13,leafout_burn,new,2022,QUKE,L,N,44.65,90,N,N,NA,NA,NA,NA,new_exp_2022
545,545,_171,PostBurnYear1,8/26/2022 14:20,61,D,21.25,7.6,NA,NA,NA,NA,1,0.5,7.6,95,NA,NA,NA,PIJE,yr2,treat13,leafout_burn,new,2022,PIJE,D,N,21.25,NA,N,N,NA,NA,NA,NA,new_exp_2022
546,546,_171,PostBurnYear1,8/26/2022 14:20,62,L,14.05,6.5,10,S,6,0.5,NA,0,6,90,NA,NA,NA,PIJE,yr2,treat13,leafout_burn,new,2022,PIJE,L,N,14.05,10,N,N,NA,NA,NA,NA,new_exp_2022
547,547,_198,PostBurnYear1,8/25/2022 15:41,189,D,NA,NA,NA,NA,NA,NA,NA,NA,NA,NA,Fell over due to fire.,NA,NA,QUKE,yr2,treat13,leafout_burn,new,2022,QUKE,D,Y,NA,NA,N,Y,66,105,23,Fell over due to fire.,new_exp_2022
548,548,_198,PostBurnYear1,8/25/2022 15:41,190,L,48.45,18.6,90,D,10.6,3.25,NA,7.8,10.3,15,NA,NA,NA,PIJE,yr2,treat13,leafout_burn,new,2022,PIJE,L,N,48.45,90,N,N,NA,NA,NA,tag melted off!,new_exp_2022
549,549,_198,PostBurnYear1,8/25/2022 15:41,192,D,9.6,5.8,NA,NA,NA,NA,1,0.94,5.8,95,NA,NA,NA,QUKE,yr2,treat13,leafout_burn,new,2022,QUKE,D,Y,9.6,NA,N,Y,69,77,9,NA,new_exp_2022
550,550,_198,PostBurnYear1,8/25/2022 15:41,193,D,7.75,5.2,NA,NA,NA,NA,1,0,5.2,95,NA,NA,NA,QUKE,yr2,treat13,leafout_burn,new,2022,QUKE,D,Y,7.75,NA,N,Y,71,65,19,NA,new_exp_2022
551,551,_198,PostBurnYear1,8/25/2022 15:41,194,D,50.65,10.1,NA,NA,NA,NA,1,3.6,10.1,90,NA,NA,NA,QUKE,yr2,treat13,leafout_burn,new,2022,QUKE,D,Y,50.65,NA,N,Y,30,67.5,10,"194,195 same resprout. Tag melted off!",new_exp_2022
552,552,_198,PostBurnYear1,8/25/2022 15:41,195,D,38.3,12,NA,NA,NA,NA,1,4.6,12,90,NA,NA,NA,QUKE,yr2,treat13,leafout_burn,new,2022,QUKE,D,Y,38.3,NA,N,Y,30,67.5,10,"194,195 same resprout",new_exp_2022
553,553,_198,PostBurnYear1,8/25/2022 15:41,197,D,NA,NA,NA,NA,NA,NA,NA,NA,NA,NA,Fell over due to fire.,NA,NA,PIJE,yr2,treat13,leafout_burn,new,2022,PIJE,D,N,NA,NA,N,N,NA,NA,NA,Fell over due to fire.,new_exp_2022
554,554,_172,PostBurnYear1,8/25/2022 14:30,117,L,58.85,12,70,C,2.2,5,NA,0.6,3.8,3,NA,NA,NA,QUKE,yr2,treat13,leafout_burn,new,2022,QUKE,L,N,58.85,70,N,N,NA,NA,NA,NA,new_exp_2022
555,555,_172,PostBurnYear1,8/25/2022 14:30,118,L,51.15,9.6,70,I,5.2,3,NA,0.8,2,20,NA,NA,NA,QUKE,yr2,treat13,leafout_burn,new,2022,QUKE,L,N,51.15,70,N,N,NA,NA,NA,NA,new_exp_2022
556,556,_172,PostBurnYear1,8/25/2022 14:30,119,D,NA,NA,NA,NA,NA,NA,NA,NA,NA,NA,NA,NA,NA,PIJE,yr2,treat13,leafout_burn,new,2022,PIJE,D,N,NA,NA,N,N,NA,NA,NA,NA,new_exp_2022
557,557,_172,PostBurnYear1,8/25/2022 14:30,120,L,43.6,15,90,D,8,3,NA,3.4,0,0,NA,NA,NA,PIJE,yr2,treat13,leafout_burn,new,2022,PIJE,L,N,43.6,90,N,N,NA,NA,NA,NA,new_exp_2022
558,558,_172,PostBurnYear1,8/25/2022 14:30,122,L,45.6,16.4,100,C,9.8,2,NA,5.2,8.8,5,NA,NA,NA,PIJE,yr2,treat13,leafout_burn,new,2022,PIJE,L,N,45.6,100,N,N,NA,NA,NA,NA,new_exp_2022
559,559,_172,PostBurnYear1,8/25/2022 14:30,123,L,47.55,11.6,80,I,4,2.5,NA,0.68,4,8,NA,NA,NA,QUKE,yr2,treat13,leafout_burn,new,2022,QUKE,L,N,47.55,80,N,N,NA,NA,NA,NA,new_exp_2022
560,560,_172,PostBurnYear1,8/25/2022 14:30,124,D,54.65,2,NA,NA,NA,NA,1,2,NA,NA,NA,NA,NA,QUKE,yr2,treat13,leafout_burn,new,2022,QUKE,D,Y,54.65,NA,N,Y,210,50,1,NA,new_exp_2022
561,561,_172,PostBurnYear1,8/25/2022 14:30,125,D,22.6,3.9,NA,NA,NA,NA,3,0.45,NA,NA,NA,NA,NA,PIJE,yr2,treat13,leafout_burn,new,2022,PIJE,D,N,22.6,NA,N,N,NA,NA,NA,NA,new_exp_2022
562,562,_172,PostBurnYear1,8/25/2022 14:30,126,L,46.9,10.8,90,I,4.5,3,NA,0.2,5.8,5,NA,NA,NA,QUKE,yr2,treat13,leafout_burn,new,2022,QUKE,L,N,46.9,90,N,N,NA,NA,NA,NA,new_exp_2022
563,563,_181,PostBurnYear1,8/25/2022 15:39,95,D,16.05,3.4,NA,NA,NA,NA,1,2.5,3.4,100,NA,NA,NA,PIJE,yr2,treat13,dormant_burn,new,2022,PIJE,D,N,16.05,NA,N,N,NA,NA,NA,NA,new_exp_2022
564,564,_181,PostBurnYear1,8/25/2022 15:39,96,D,76.95,15.5,NA,NA,NA,NA,2,0,NA,NA,NA,NA,NA,QUKE,yr2,treat13,dormant_burn,new,2022,QUKE,D,N,76.95,NA,N,N,NA,NA,NA,NA,new_exp_2022
565,565,_181,PostBurnYear1,8/25/2022 15:39,98,L,24.35,12.9,90,C,5.1,1.25,NA,1.7,6,10,NA,NA,NA,PIJE,yr2,treat13,dormant_burn,new,2022,PIJE,L,N,24.35,90,N,N,NA,NA,NA,NA,new_exp_2022
566,566,_181,PostBurnYear1,8/25/2022 15:39,99,L,37.45,12.4,100,C,4.9,1.75,NA,5,5,5,NA,NA,NA,PIJE,yr2,treat13,dormant_burn,new,2022,PIJE,L,N,37.45,100,N,N,NA,NA,NA,NA,new_exp_2022
567,567,_181,PostBurnYear1,8/25/2022 15:39,100,L,27.6,10,80,I,3.5,1.75,NA,2.7,5.5,20,NA,NA,NA,PIJE,yr2,treat13,dormant_burn,new,2022,PIJE,L,N,27.6,80,N,N,NA,NA,NA,NA,new_exp_2022
568,568,_181,PostBurnYear1,8/25/2022 15:39,101,L,11.25,6.2,90,I,1.6,1,NA,0,NA,NA,NA,NA,NA,QUKE,yr2,treat13,dormant_burn,new,2022,QUKE,L,N,11.25,90,Y,N,NA,NA,NA,NA,new_exp_2022
569,569,_181,PostBurnYear1,8/25/2022 15:39,103,L,15.8,6.4,100,I,2.5,1,NA,0,NA,NA,NA,NA,NA,QUKE,yr2,treat13,dormant_burn,new,2022,QUKE,L,N,15.8,100,Y,Y,46,30,7,same resprout as tag# 104,new_exp_2022
570,570,_181,PostBurnYear1,8/25/2022 15:39,104,L,12,6,100,I,2.5,1.25,NA,0,NA,NA,NA,NA,NA,QUKE,yr2,treat13,dormant_burn,new,2022,QUKE,L,N,12,100,N,Y,46,30,7,same resprout as tag# 103,new_exp_2022
571,571,_181,PostBurnYear1,8/25/2022 15:39,105,L,9.35,5.2,100,I,3,1.75,NA,0,NA,NA,NA,NA,NA,QUKE,yr2,treat13,dormant_burn,new,2022,QUKE,L,N,9.35,100,N,N,NA,NA,NA,NA,new_exp_2022
572,572,_181,PostBurnYear1,8/25/2022 15:39,106,L,10.8,7.1,100,I,4,1.5,NA,0,NA,NA,NA,NA,NA,QUKE,yr2,treat13,dormant_burn,new,2022,QUKE,L,N,10.8,100,N,Y,36.5,31,5,NA,new_exp_2022
573,573,_181,PostBurnYear1,8/25/2022 15:39,107,L,13.25,7.2,100,I,3.5,1,NA,0,NA,NA,NA,NA,NA,QUKE,yr2,treat13,dormant_burn,new,2022,QUKE,L,N,13.25,100,N,N,NA,NA,NA,NA,new_exp_2022
574,574,_181,PostBurnYear1,8/25/2022 15:39,108,L,9.8,7,100,I,2,1.25,NA,0,NA,NA,NA,NA,NA,QUKE,yr2,treat13,dormant_burn,new,2022,QUKE,L,N,9.8,100,N,N,NA,NA,NA,NA,new_exp_2022
575,575,_181,PostBurnYear1,8/25/2022 15:39,109,L,23.15,9.9,70,C,2.4,1.25,NA,0.62,4.5,30,NA,NA,NA,PIJE,yr2,treat13,dormant_burn,new,2022,PIJE,L,N,23.15,70,N,N,NA,NA,NA,NA,new_exp_2022
576,576,_181,PostBurnYear1,8/25/2022 15:39,110,L,16.1,6.9,100,I,2.1,1.75,NA,0,NA,NA,NA,NA,NA,QUKE,yr2,treat13,dormant_burn,new,2022,QUKE,L,N,16.1,100,N,N,NA,NA,NA,NA,new_exp_2022
577,577,_181,PostBurnYear1,8/25/2022 15:39,111,L,44.3,12.9,100,C,0.4,4,NA,0.54,NA,NA,NA,NA,NA,QUKE,yr2,treat13,dormant_burn,new,2022,QUKE,L,N,44.3,100,N,N,NA,NA,NA,NA,new_exp_2022
578,578,_181,PostBurnYear1,8/25/2022 15:39,112,L,55.4,13,100,C,1.6,3,NA,0.5,NA,NA,NA,NA,NA,QUKE,yr2,treat13,dormant_burn,new,2022,QUKE,L,N,55.4,100,N,N,NA,NA,NA,NA,new_exp_2022
579,579,_181,PostBurnYear1,8/25/2022 15:39,113,L,50.55,7.6,100,I,1.8,2.75,NA,0,NA,NA,NA,NA,NA,QUKE,yr2,treat13,dormant_burn,new,2022,QUKE,L,N,50.55,100,N,N,NA,NA,NA,NA,new_exp_2022
580,580,_181,PostBurnYear1,8/25/2022 15:39,114,L,15.1,5.2,90,S,0.1,1.25,NA,0.55,1.2,5,NA,NA,NA,PIJE,yr2,treat13,dormant_burn,new,2022,PIJE,L,N,15.1,90,N,N,NA,NA,NA,NA,new_exp_2022
581,581,_181,PostBurnYear1,8/25/2022 15:39,115,L,45.2,12.2,80,C,4,3.75,NA,1.3,NA,NA,NA,NA,NA,QUKE,yr2,treat13,dormant_burn,new,2022,QUKE,L,N,45.2,80,Y,Y,44,19,1,NA,new_exp_2022
582,582,_177,PostBurnYear1,8/25/2022 14:58,85,L,23.7,7.3,90,S,1.8,1.75,NA,0.98,2,10,NA,NA,NA,PIJE,yr2,treat13,dormant_burn,new,2022,PIJE,L,N,23.7,90,N,N,NA,NA,NA,NA,new_exp_2022
583,583,_177,PostBurnYear1,8/25/2022 14:58,86,D,95.2,3,NA,NA,NA,NA,5,3,NA,NA,NA,NA,NA,QUKE,yr2,treat13,dormant_burn,new,2022,QUKE,D,N,95.2,NA,N,N,NA,NA,NA,NA,new_exp_2022
584,584,_177,PostBurnYear1,8/25/2022 14:58,90,D,NA,NA,NA,NA,NA,NA,NA,0.23,NA,NA,Gone.,NA,NA,QUKE,yr2,treat13,dormant_burn,new,2022,QUKE,D,N,NA,NA,N,N,NA,NA,NA,Gone.,new_exp_2022
585,585,_177,PostBurnYear1,8/25/2022 14:58,91,L,19.8,10.7,100,I,1,2,NA,1,3,NA,NA,NA,NA,QUKE,yr2,treat13,dormant_burn,new,2022,QUKE,L,N,19.8,100,N,N,NA,NA,NA,NA,new_exp_2022
586,586,_177,PostBurnYear1,8/25/2022 14:58,92,L,11.25,5,40,S,3,0.5,NA,0.76,0,60,NA,NA,NA,PIJE,yr2,treat13,dormant_burn,new,2022,PIJE,L,N,11.25,40,N,N,NA,NA,NA,NA,new_exp_2022
587,587,_177,PostBurnYear1,8/25/2022 14:58,93,L,91,15.3,70,C,1.2,5.5,NA,0.32,0,NA,NA,NA,NA,QUKE,yr2,treat13,dormant_burn,new,2022,QUKE,L,N,91,70,N,N,NA,NA,NA,NA,new_exp_2022
588,588,_177,PostBurnYear1,8/25/2022 14:58,94,L,68.5,13.2,80,C,1,9.5,NA,0,0,NA,NA,NA,NA,QUKE,yr2,treat13,dormant_burn,new,2022,QUKE,L,N,68.5,80,N,N,NA,NA,NA,NA,new_exp_2022
589,589,_175,PostBurnYear1,8/25/2022 14:57,41,D,39.85,8.6,NA,NA,NA,NA,1,1.11,10,5,NA,NA,NA,QUKE,yr2,treat13,leafout_burn,new,2022,QUKE,D,N,39.85,NA,N,N,NA,NA,NA,NA,new_exp_2022
590,590,_175,PostBurnYear1,8/25/2022 14:57,42,L,73.6,6.8,30,I,2.2,5,NA,4,4,20,NA,NA,NA,QUKE,yr2,treat13,leafout_burn,new,2022,QUKE,L,N,73.6,30,N,N,NA,NA,NA,NA,new_exp_2022
591,591,_175,PostBurnYear1,8/25/2022 14:57,45,L,22.95,7.6,100,S,1.6,1,NA,0.77,0,0,NA,NA,NA,PIJE,yr2,treat13,leafout_burn,new,2022,PIJE,L,N,22.95,100,N,N,NA,NA,NA,NA,new_exp_2022
592,592,_175,PostBurnYear1,8/25/2022 14:57,46,L,34.2,10.5,90,C,1.9,3.75,NA,0,3,5,NA,NA,NA,QUKE,yr2,treat13,leafout_burn,new,2022,QUKE,L,N,34.2,90,N,N,NA,NA,NA,NA,new_exp_2022
593,593,_175,PostBurnYear1,8/25/2022 14:57,47,L,41.65,12.2,90,C,1.9,4.5,NA,0,4,5,NA,NA,NA,QUKE,yr2,treat13,leafout_burn,new,2022,QUKE,L,N,41.65,90,N,N,NA,NA,NA,NA,new_exp_2022
594,594,_175,PostBurnYear1,8/25/2022 14:57,48,L,34.3,10,80,I,2.1,2.25,NA,0,10,10,NA,NA,NA,QUKE,yr2,treat13,leafout_burn,new,2022,QUKE,L,N,34.3,80,N,N,NA,NA,NA,NA,new_exp_2022
595,595,_175,PostBurnYear1,8/25/2022 14:57,49,L,56.4,14,80,C,5,5,NA,0,7,5,NA,NA,NA,QUKE,yr2,treat13,leafout_burn,new,2022,QUKE,L,N,56.4,80,N,N,NA,NA,NA,NA,new_exp_2022
596,596,_175,PostBurnYear1,8/25/2022 14:57,50,L,63.35,13.7,80,C,3,5.2,NA,0,7.2,5,NA,NA,NA,QUKE,yr2,treat13,leafout_burn,new,2022,QUKE,L,N,63.35,80,N,N,NA,NA,NA,NA,new_exp_2022
597,597,_200,PostBurnYear1,8/25/2022 15:42,199,D,54.3,4.4,NA,NA,NA,NA,5,0,NA,NA,NA,NA,NA,QUKE,yr2,treat13,leafout_burn,new,2022,QUKE,D,N,54.3,NA,N,N,NA,NA,NA,NA,new_exp_2022
598,598,_200,PostBurnYear1,8/25/2022 15:42,202,L,8.1,5.9,60,I,4.3,1.75,NA,0.3,4.5,40,NA,NA,NA,QUKE,yr2,treat13,leafout_burn,new,2022,QUKE,L,N,8.1,60,Y,N,NA,NA,NA,NA,new_exp_2022
599,599,_200,PostBurnYear1,8/25/2022 15:42,203,L,23.05,7.2,70,I,4,3.5,NA,1,4.5,30,NA,NA,NA,QUKE,yr2,treat13,leafout_burn,new,2022,QUKE,L,N,23.05,70,Y,N,NA,NA,NA,NA,new_exp_2022
600,600,_200,PostBurnYear1,8/25/2022 15:42,204,L,11.35,6.3,60,I,3.5,2,NA,0.3,3.1,10,NA,NA,NA,QUKE,yr2,treat13,leafout_burn,new,2022,QUKE,L,N,11.35,60,Y,Y,19,10,1,NA,new_exp_2022
601,601,_200,PostBurnYear1,8/25/2022 15:42,205,L,17.45,6.8,80,I,3.8,2,NA,0.5,3,20,NA,NA,NA,QUKE,yr2,treat13,leafout_burn,new,2022,QUKE,L,N,17.45,80,Y,Y,30,15,1,NA,new_exp_2022
602,602,_200,PostBurnYear1,8/25/2022 15:42,206,L,12.85,6.7,90,I,3.2,2.5,NA,0.2,2.3,10,NA,NA,NA,QUKE,yr2,treat13,leafout_burn,new,2022,QUKE,L,N,12.85,90,Y,N,NA,NA,NA,NA,new_exp_2022
603,603,_200,PostBurnYear1,8/25/2022 15:42,207,D,48.4,11,NA,NA,NA,NA,1,0.45,NA,NA,NA,NA,NA,QUKE,yr2,treat13,leafout_burn,new,2022,QUKE,D,N,48.4,NA,N,N,NA,NA,NA,NA,new_exp_2022
604,604,_200,PostBurnYear1,8/25/2022 15:42,208,L,61.05,15.2,90,C,0.8,3.25,NA,0.6,2,5,NA,NA,NA,QUKE,yr2,treat13,leafout_burn,new,2022,QUKE,L,N,61.05,90,N,Y,29,30,2,NA,new_exp_2022
605,605,_200,PostBurnYear1,8/25/2022 15:42,209,L,41.1,14.6,80,I,1,5,NA,0.4,2,0.5,NA,NA,NA,QUKE,yr2,treat13,leafout_burn,new,2022,QUKE,L,N,41.1,80,N,N,NA,NA,NA,NA,new_exp_2022
606,606,_200,PostBurnYear1,8/25/2022 15:42,210,L,10.35,5.2,100,S,1,1,NA,0,NA,NA,NA,NA,NA,PIJE,yr2,treat13,leafout_burn,new,2022,PIJE,L,N,10.35,100,N,N,NA,NA,NA,NA,new_exp_2022
607,607,_200,PostBurnYear1,8/25/2022 15:42,211,L,63.4,9.8,100,I,0.6,4,NA,0,2,0.5,NA,NA,NA,QUKE,yr2,treat13,leafout_burn,new,2022,QUKE,L,N,63.4,100,N,N,NA,NA,NA,NA,new_exp_2022
608,608,_195,PostBurnYear1,8/25/2022 15:39,131,L,9.8,6.3,100,I,1.7,1.3,NA,0,NA,NA,NA,NA,NA,QUKE,yr2,treat13,dormant_burn,new,2022,QUKE,L,N,9.8,100,Y,Y,50,55,6,same resprout as tag# 132,new_exp_2022
609,609,_195,PostBurnYear1,8/25/2022 15:39,132,L,11.35,6.3,100,I,2,0.8,NA,0,NA,NA,NA,NA,NA,QUKE,yr2,treat13,dormant_burn,new,2022,QUKE,L,N,11.35,100,Y,Y,50,55,6,same resprout as tag# 131,new_exp_2022
610,610,_195,PostBurnYear1,8/25/2022 15:39,133,L,10.75,7.1,90,I,3.2,1.8,NA,0,NA,NA,NA,NA,NA,QUKE,yr2,treat13,dormant_burn,new,2022,QUKE,L,N,10.75,90,Y,Y,47,40,4,NA,new_exp_2022
611,611,_195,PostBurnYear1,8/25/2022 15:39,134,L,14.9,8.4,100,C,2.2,2.5,NA,0,NA,NA,NA,NA,NA,QUKE,yr2,treat13,dormant_burn,new,2022,QUKE,L,N,14.9,100,N,N,NA,NA,NA,NA,new_exp_2022
612,612,_195,PostBurnYear1,8/25/2022 15:39,135,L,11.6,7.3,100,I,1.6,2,NA,0,NA,NA,NA,NA,NA,QUKE,yr2,treat13,dormant_burn,new,2022,QUKE,L,N,11.6,100,Y,Y,38,20,5,NA,new_exp_2022
613,613,_195,PostBurnYear1,8/25/2022 15:39,136,L,9.35,7.5,100,I,3.5,1.5,NA,0.3,NA,NA,NA,NA,NA,QUKE,yr2,treat13,dormant_burn,new,2022,QUKE,L,N,9.35,100,N,N,NA,NA,NA,NA,new_exp_2022
614,614,_195,PostBurnYear1,8/25/2022 15:39,137,L,11.4,6.5,90,I,2.5,2,NA,0,NA,NA,NA,NA,NA,QUKE,yr2,treat13,dormant_burn,new,2022,QUKE,L,N,11.4,90,N,N,NA,NA,NA,NA,new_exp_2022
615,615,_195,PostBurnYear1,8/25/2022 15:39,138,L,10.45,6.5,90,C,2.9,2,NA,0.36,NA,NA,NA,NA,NA,QUKE,yr2,treat13,dormant_burn,new,2022,QUKE,L,N,10.45,90,Y,Y,61,NA,10,NA,new_exp_2022
616,616,_195,PostBurnYear1,8/25/2022 15:39,140,L,9.7,6,100,S,3,2.25,NA,0,NA,NA,NA,NA,NA,QUKE,yr2,treat13,dormant_burn,new,2022,QUKE,L,N,9.7,100,N,Y,109,105,20,"140,141,142,143 same resprout",new_exp_2022
617,617,_195,PostBurnYear1,8/25/2022 15:39,141,L,15.2,6.5,100,C,2,2.5,NA,0,NA,NA,NA,NA,NA,QUKE,yr2,treat13,dormant_burn,new,2022,QUKE,L,N,15.2,100,N,Y,109,105,20,"140,141,142,143 same resprout",new_exp_2022
618,618,_195,PostBurnYear1,8/25/2022 15:39,142,L,13.3,6.5,100,C,1.8,2,NA,0,NA,NA,NA,NA,NA,QUKE,yr2,treat13,dormant_burn,new,2022,QUKE,L,N,13.3,100,N,Y,109,105,20,"140,141,142,143 same resprout",new_exp_2022
619,619,_195,PostBurnYear1,8/25/2022 15:39,143,L,11.4,6.5,100,C,1.5,1.5,NA,0,NA,NA,NA,NA,NA,QUKE,yr2,treat13,dormant_burn,new,2022,QUKE,L,N,11.4,100,N,Y,109,105,20,"140,141,142,143 same resprout",new_exp_2022
620,620,_195,PostBurnYear1,8/25/2022 15:39,144,L,8.35,4.5,90,I,1.4,2,NA,0,NA,NA,NA,NA,NA,QUKE,yr2,treat13,dormant_burn,new,2022,QUKE,L,N,8.35,90,N,N,NA,NA,NA,NA,new_exp_2022
621,621,_195,PostBurnYear1,8/25/2022 15:39,145,D,44.5,1.4,NA,NA,NA,NA,2,1.4,NA,NA,NA,NA,NA,QUKE,yr2,treat13,dormant_burn,new,2022,QUKE,D,Y,44.5,NA,N,Y,85,120,28,"145,147,148 same resprout",new_exp_2022
622,622,_195,PostBurnYear1,8/25/2022 15:39,146,L,9.6,6.6,90,C,2.1,2,NA,0,NA,NA,NA,NA,NA,QUKE,yr2,treat13,dormant_burn,new,2022,QUKE,L,N,9.6,90,Y,Y,85,120,28,"145,147,148 same resprout",new_exp_2022
623,623,_195,PostBurnYear1,8/25/2022 15:39,147,L,9.6,6.6,90,C,4,1.3,NA,0,NA,NA,NA,NA,NA,QUKE,yr2,treat13,dormant_burn,new,2022,QUKE,L,N,9.6,90,Y,Y,85,120,28,"145,147,148 same resprout",new_exp_2022
624,624,_195,PostBurnYear1,8/25/2022 15:39,149,L,9.8,6.9,100,C,1,2,NA,0,NA,NA,NA,NA,NA,QUKE,yr2,treat13,dormant_burn,new,2022,QUKE,L,N,9.8,100,N,Y,54,30,3,"149,150,151 same resprout",new_exp_2022
625,625,_195,PostBurnYear1,8/25/2022 15:39,150,L,9.65,6.4,100,C,0.8,2.5,NA,0,NA,NA,NA,NA,NA,QUKE,yr2,treat13,dormant_burn,new,2022,QUKE,L,N,9.65,100,N,Y,54,30,3,"149,150,151 same resprout",new_exp_2022
626,626,_195,PostBurnYear1,8/25/2022 15:39,151,L,8.35,6.3,100,C,1.8,1.75,NA,0,NA,NA,NA,NA,NA,QUKE,yr2,treat13,dormant_burn,new,2022,QUKE,L,N,8.35,100,N,Y,54,30,3,"149,150,151 same resprout",new_exp_2022
627,627,_195,PostBurnYear1,8/25/2022 15:39,153,L,29.4,10.7,80,C,2.9,1.75,NA,2.5,10,20,NA,NA,NA,PIJE,yr2,treat13,dormant_burn,new,2022,PIJE,L,N,29.4,80,N,N,NA,NA,NA,NA,new_exp_2022
628,628,_195,PostBurnYear1,8/25/2022 15:39,156,D,47.65,11.5,NA,NA,NA,NA,3,4,NA,NA,NA,NA,NA,QUKE,yr2,treat13,dormant_burn,new,2022,QUKE,D,N,47.65,NA,N,N,NA,NA,NA,NA,new_exp_2022
629,629,_195,PostBurnYear1,8/25/2022 15:39,159,L,13.4,7.3,80,I,1.2,2.25,NA,0,NA,NA,NA,NA,NA,QUKE,yr2,treat13,dormant_burn,new,2022,QUKE,L,N,13.4,80,Y,Y,25,10,2,NA,new_exp_2022
630,630,_195,PostBurnYear1,8/25/2022 15:39,162,L,11.3,7.4,70,I,2,2,NA,0,NA,NA,NA,NA,NA,QUKE,yr2,treat13,dormant_burn,new,2022,QUKE,L,N,11.3,70,Y,N,NA,NA,NA,NA,new_exp_2022
631,631,_195,PostBurnYear1,8/25/2022 15:39,163,L,10.8,5,90,I,1.4,1.5,NA,0,NA,NA,NA,NA,NA,QUKE,yr2,treat13,dormant_burn,new,2022,QUKE,L,N,10.8,90,Y,Y,40,15,1,NA,new_exp_2022
632,632,_195,PostBurnYear1,8/25/2022 15:39,165,L,15.9,7,100,I,1.1,2.5,NA,0,NA,NA,NA,NA,NA,QUKE,yr2,treat13,dormant_burn,new,2022,QUKE,L,N,15.9,100,Y,N,NA,NA,NA,NA,new_exp_2022
633,633,_179,PostBurnYear1,8/25/2022 14:59,65,L,28.25,9.6,90,I,3.9,2,NA,2.4,3.8,10,NA,NA,NA,PIJE,yr2,treat13,dormant_burn,new,2022,PIJE,L,N,28.25,90,N,N,NA,NA,NA,NA,new_exp_2022
634,634,_179,PostBurnYear1,8/25/2022 14:59,66,L,61.7,10.7,100,I,1.4,4.25,NA,0,NA,NA,NA,NA,NA,QUKE,yr2,treat13,dormant_burn,new,2022,QUKE,L,N,61.7,100,N,N,NA,NA,NA,NA,new_exp_2022
635,635,_179,PostBurnYear1,8/25/2022 14:59,67,L,72.75,18.5,80,D,1.7,4.5,NA,0,NA,NA,NA,NA,NA,QUKE,yr2,treat13,dormant_burn,new,2022,QUKE,L,N,72.75,80,Y,N,NA,NA,NA,NA,new_exp_2022
636,636,_179,PostBurnYear1,8/25/2022 14:59,68,D,NA,NA,NA,NA,NA,NA,NA,NA,NA,NA,Chopped down. Gone.,NA,NA,QUKE,yr2,treat13,dormant_burn,new,2022,QUKE,D,N,NA,NA,N,N,NA,NA,NA,Chopped down. Gone.,new_exp_2022
637,637,_179,PostBurnYear1,8/25/2022 14:59,72,L,40.6,9,100,I,0.1,4.1,NA,0,NA,NA,NA,NA,NA,QUKE,yr2,treat13,dormant_burn,new,2022,QUKE,L,N,40.6,100,N,N,NA,NA,NA,NA,new_exp_2022
638,638,_179,PostBurnYear1,8/25/2022 14:59,74,L,41.4,14.9,100,C,5.6,3,NA,1.9,NA,NA,NA,NA,NA,PIJE,yr2,treat13,dormant_burn,new,2022,PIJE,L,N,41.4,100,N,N,NA,NA,NA,NA,new_exp_2022
639,639,_170,PostBurnYear1,8/25/2022 14:29,975,L,51.7,9.8,40,I,2.5,2.25,NA,0,2.5,10,NA,NA,NA,QUKE,yr2,treat13,leafout_burn,new,2022,QUKE,L,N,51.7,40,N,N,NA,NA,NA,NA,new_exp_2022
640,640,_170,PostBurnYear1,8/25/2022 14:29,976,L,37.3,17.4,70,C,7.5,3,NA,7,4.8,30,NA,NA,NA,PIJE,yr2,treat13,leafout_burn,new,2022,PIJE,L,N,37.3,70,N,N,NA,NA,NA,NA,new_exp_2022
641,641,_170,PostBurnYear1,8/25/2022 14:29,977,D,41.85,6.5,NA,NA,NA,NA,1,3,6.5,100,NA,NA,NA,QUKE,yr2,treat13,leafout_burn,new,2022,QUKE,D,N,41.85,NA,N,N,NA,NA,NA,NA,new_exp_2022
642,642,_170,PostBurnYear1,8/25/2022 14:29,978,L,11.05,5.8,90,S,2,1,NA,0.2,2.2,5,NA,NA,NA,PIJE,yr2,treat13,leafout_burn,new,2022,PIJE,L,N,11.05,90,N,N,NA,NA,NA,NA,new_exp_2022
643,643,_170,PostBurnYear1,8/25/2022 14:29,979,L,57,16.4,90,C,1.5,5,NA,0,4.1,5,NA,NA,NA,QUKE,yr2,treat13,leafout_burn,new,2022,QUKE,L,N,57,90,N,N,NA,NA,NA,NA,new_exp_2022
644,644,_170,PostBurnYear1,8/25/2022 14:29,980,L,72.4,16.5,100,C,0.8,5.5,NA,0,2.8,2,NA,NA,NA,QUKE,yr2,treat13,leafout_burn,new,2022,QUKE,L,N,72.4,100,N,N,NA,NA,NA,NA,new_exp_2022
645,645,_170,PostBurnYear1,8/25/2022 14:29,981,L,85.75,16.6,100,C,1.4,6.5,NA,0,4,2,NA,NA,NA,QUKE,yr2,treat13,leafout_burn,new,2022,QUKE,L,N,85.75,100,N,N,NA,NA,NA,NA,new_exp_2022
646,646,_176,PostBurnYear1,8/25/2022 14:57,76,D,19.35,6.2,NA,NA,NA,NA,1,0.75,NA,NA,NA,NA,NA,QUKE,yr2,treat13,dormant_burn,new,2022,QUKE,D,Y,19.35,NA,N,Y,103,90,14,NA,new_exp_2022
647,647,_176,PostBurnYear1,8/25/2022 14:57,77,L,63.5,11.2,50,C,0,3.5,NA,0.64,NA,NA,NA,NA,NA,QUKE,yr2,treat13,dormant_burn,new,2022,QUKE,L,N,63.5,50,N,N,NA,NA,NA,NA,new_exp_2022
648,648,_176,PostBurnYear1,8/25/2022 14:57,79,L,30.7,7.9,70,I,1.7,3,NA,0.8,1.5,2,NA,NA,NA,PIJE,yr2,treat13,dormant_burn,new,2022,PIJE,L,N,30.7,70,N,N,NA,NA,NA,NA,new_exp_2022
649,649,_176,PostBurnYear1,8/25/2022 14:57,80,L,12.8,6.5,100,I,0.2,2,NA,0.26,NA,NA,NA,NA,NA,QUKE,yr2,treat13,dormant_burn,new,2022,QUKE,L,N,12.8,100,Y,Y,21,16,2,NA,new_exp_2022
650,650,_176,PostBurnYear1,8/25/2022 14:57,81,L,12.1,6.6,100,I,1.3,1.5,NA,0,NA,NA,NA,NA,NA,QUKE,yr2,treat13,dormant_burn,new,2022,QUKE,L,N,12.1,100,Y,N,NA,NA,NA,NA,new_exp_2022
651,651,_176,PostBurnYear1,8/25/2022 14:57,83,L,13.7,6.4,100,I,1,2.5,NA,0.37,NA,NA,NA,NA,NA,QUKE,yr2,treat13,dormant_burn,new,2022,QUKE,L,N,13.7,100,Y,N,NA,NA,NA,NA,new_exp_2022
652,652,_176,PostBurnYear1,8/25/2022 14:57,84,L,35.5,14,80,C,5,1.5,NA,0.63,2.9,10,NA,NA,NA,PIJE,yr2,treat13,dormant_burn,new,2022,PIJE,L,N,35.5,80,N,N,NA,NA,NA,NA,new_exp_2022
653,653,_196,PostBurnYear1,8/25/2022 15:40,166,D,39.5,3.8,NA,NA,NA,NA,5,3.8,NA,NA,NA,NA,NA,QUKE,yr2,treat13,dormant_burn,new,2022,QUKE,D,N,39.5,NA,N,N,NA,NA,NA,NA,new_exp_2022
654,654,_196,PostBurnYear1,8/25/2022 15:40,167,D,36.5,2.2,NA,NA,NA,NA,5,2.2,NA,NA,NA,NA,NA,QUKE,yr2,treat13,dormant_burn,new,2022,QUKE,D,N,36.5,NA,N,N,NA,NA,NA,NA,new_exp_2022
655,655,_196,PostBurnYear1,8/25/2022 15:40,168,L,15.15,6.6,100,I,0.2,2,NA,0,NA,NA,NA,NA,NA,QUKE,yr2,treat13,dormant_burn,new,2022,QUKE,L,N,15.15,100,Y,N,NA,NA,NA,NA,new_exp_2022
656,656,_196,PostBurnYear1,8/25/2022 15:40,171,L,46.2,12.3,100,C,0.9,3.5,NA,0,NA,NA,NA,NA,NA,QUKE,yr2,treat13,dormant_burn,new,2022,QUKE,L,N,46.2,100,N,N,NA,NA,NA,NA,new_exp_2022
657,657,_196,PostBurnYear1,8/25/2022 15:40,172,D,22.35,6.2,NA,NA,NA,NA,5,0,NA,NA,NA,NA,NA,QUKE,yr2,treat13,dormant_burn,new,2022,QUKE,D,N,22.35,NA,N,N,NA,NA,NA,NA,new_exp_2022
658,658,_196,PostBurnYear1,8/25/2022 15:40,173,L,56.8,11,100,C,1.4,4.5,NA,0,NA,NA,NA,NA,NA,QUKE,yr2,treat13,dormant_burn,new,2022,QUKE,L,N,56.8,100,N,N,NA,NA,NA,NA,new_exp_2022
659,659,_196,PostBurnYear1,8/25/2022 15:40,174,L,16.9,9.3,100,I,1.6,2.25,NA,0,NA,NA,NA,NA,NA,QUKE,yr2,treat13,dormant_burn,new,2022,QUKE,L,N,16.9,100,N,Y,30,17,2,NA,new_exp_2022
660,660,_196,PostBurnYear1,8/25/2022 15:40,175,L,64.35,12.2,90,C,0.5,4,NA,0.64,NA,NA,NA,NA,NA,QUKE,yr2,treat13,dormant_burn,new,2022,QUKE,L,N,64.35,90,N,N,NA,NA,NA,NA,new_exp_2022
661,661,_197,PostBurnYear1,8/25/2022 15:41,183,L,43.65,7.8,80,C,2.1,4,NA,0.76,NA,NA,NA,NA,NA,QUKE,yr2,treat13,dormant_burn,new,2022,QUKE,L,N,43.65,80,N,N,NA,NA,NA,NA,new_exp_2022
662,662,_197,PostBurnYear1,8/25/2022 15:41,184,L,36.15,11,80,C,2.3,4,NA,0,NA,NA,NA,NA,NA,QUKE,yr2,treat13,dormant_burn,new,2022,QUKE,L,N,36.15,80,N,N,NA,NA,NA,NA,new_exp_2022
663,663,_197,PostBurnYear1,8/25/2022 15:41,185,L,35.6,11.4,80,C,6.3,2.5,NA,2.4,6.4,NA,NA,NA,NA,PIJE,yr2,treat13,dormant_burn,new,2022,PIJE,L,N,35.6,80,N,N,NA,NA,NA,NA,new_exp_2022
664,664,_197,PostBurnYear1,8/25/2022 15:41,186,L,59.3,20.9,90,C,9.2,3,NA,5,9,NA,NA,NA,NA,PIJE,yr2,treat13,dormant_burn,new,2022,PIJE,L,N,59.3,90,N,N,NA,NA,NA,NA,new_exp_2022
665,665,_197,PostBurnYear1,8/25/2022 15:41,187,L,47.55,20.8,70,C,10.5,2.5,NA,5,15.2,NA,NA,NA,NA,PIJE,yr2,treat13,dormant_burn,new,2022,PIJE,L,N,47.55,70,N,N,NA,NA,NA,NA,new_exp_2022
666,666,_173,PostBurnYear1,8/25/2022 14:56,22,L,42.55,6.4,60,I,4,6.5,NA,0,4,40,NA,NA,NA,QUKE,yr2,treat13,leafout_burn,new,2022,QUKE,L,N,42.55,60,Y,N,NA,NA,NA,NA,new_exp_2022
667,667,_173,PostBurnYear1,8/25/2022 14:56,23,L,33.8,9.4,40,I,4.2,3.5,NA,0,4.2,60,NA,NA,NA,QUKE,yr2,treat13,leafout_burn,new,2022,QUKE,L,N,33.8,40,Y,N,NA,NA,NA,NA,new_exp_2022
668,668,_173,PostBurnYear1,8/25/2022 14:56,25,L,33.6,12.4,60,C,5,6,NA,0,5,40,NA,NA,NA,QUKE,yr2,treat13,leafout_burn,new,2022,QUKE,L,N,33.6,60,Y,N,NA,NA,NA,NA,new_exp_2022
669,669,_173,PostBurnYear1,8/25/2022 14:56,26,L,32.6,12.3,40,C,4,6,NA,0,4,60,NA,NA,NA,QUKE,yr2,treat13,leafout_burn,new,2022,QUKE,L,N,32.6,40,Y,N,NA,NA,NA,NA,new_exp_2022
670,670,_173,PostBurnYear1,8/25/2022 14:56,27,L,33.95,12.5,60,C,6.5,6.5,NA,0,10.4,40,NA,NA,NA,QUKE,yr2,treat13,leafout_burn,new,2022,QUKE,L,N,33.95,60,Y,N,NA,NA,NA,NA,new_exp_2022
671,671,_173,PostBurnYear1,8/25/2022 14:56,28,L,39.35,12.4,90,C,1.4,4.5,NA,0,2.5,10,NA,NA,NA,QUKE,yr2,treat13,leafout_burn,new,2022,QUKE,L,N,39.35,90,N,N,NA,NA,NA,NA,new_exp_2022
672,672,_173,PostBurnYear1,8/25/2022 14:56,29,L,39.5,9,90,I,2,3.5,NA,0.85,3,5,NA,NA,NA,QUKE,yr2,treat13,leafout_burn,new,2022,QUKE,L,N,39.5,90,N,N,NA,NA,NA,NA,new_exp_2022
673,673,_173,PostBurnYear1,8/25/2022 14:56,30,D,NA,NA,NA,NA,NA,NA,NA,0,NA,NA,Gone.,NA,NA,QUKE,yr2,treat13,leafout_burn,new,2022,QUKE,D,N,NA,NA,N,N,NA,NA,NA,Gone.,new_exp_2022
674,674,_173,PostBurnYear1,8/25/2022 14:56,31,L,21.2,4.8,50,I,NA,1.5,NA,0.6,2.5,50,NA,NA,NA,PIJE,yr2,treat13,leafout_burn,new,2022,PIJE,L,N,21.2,50,N,N,NA,NA,NA,NA,new_exp_2022
675,675,_173,PostBurnYear1,8/25/2022 14:56,32,D,11.25,2,NA,NA,NA,NA,1,0.84,2,100,NA,NA,NA,PIJE,yr2,treat13,leafout_burn,new,2022,PIJE,D,N,11.25,NA,N,N,NA,NA,NA,NA,new_exp_2022
676,676,_173,PostBurnYear1,8/25/2022 14:56,33,D,47.2,2.1,NA,NA,NA,NA,1,2.02,NA,NA,NA,NA,NA,QUKE,yr2,treat13,leafout_burn,new,2022,QUKE,D,Y,47.2,NA,N,Y,48,53.5,12,NA,new_exp_2022
677,677,_173,PostBurnYear1,8/25/2022 14:56,34,D,NA,NA,NA,NA,NA,NA,NA,0,NA,NA,Gone.,NA,NA,QUKE,yr2,treat13,leafout_burn,new,2022,QUKE,D,N,NA,NA,N,N,NA,NA,NA,Gone.,new_exp_2022
678,678,_173,PostBurnYear1,8/25/2022 14:56,35,L,14.8,7,30,I,3.5,0.75,NA,1.48,3.5,69,NA,NA,NA,PIJE,yr2,treat13,leafout_burn,new,2022,PIJE,L,N,14.8,30,N,N,NA,NA,NA,NA,new_exp_2022
679,679,_173,PostBurnYear1,8/25/2022 14:56,36,L,40.5,11.8,50,C,6.2,3.75,NA,1.73,6.2,45,NA,NA,NA,QUKE,yr2,treat13,leafout_burn,new,2022,QUKE,L,N,40.5,50,N,N,NA,NA,NA,NA,new_exp_2022
680,680,_173,PostBurnYear1,8/25/2022 14:56,37,D,12.1,5.2,NA,NA,NA,NA,NA,0.82,5.2,95,NA,NA,NA,PIJE,yr2,treat13,leafout_burn,new,2022,PIJE,D,N,12.1,NA,N,N,NA,NA,NA,NA,new_exp_2022
681,681,_180,PostBurnYear1,8/25/2022 15:00,2,L,19.8,8,100,C,1.9,2.5,NA,0.12,NA,NA,NA,NA,NA,QUKE,yr2,treat13,dormant_burn,new,2022,QUKE,L,N,19.8,100,N,N,NA,NA,NA,NA,new_exp_2022
682,682,_180,PostBurnYear1,8/25/2022 15:00,3,L,11.3,6.5,100,I,1.8,1.5,NA,0.35,NA,NA,NA,NA,NA,QUKE,yr2,treat13,dormant_burn,new,2022,QUKE,L,N,11.3,100,Y,Y,32,11,1,same resprout as tag# 4,new_exp_2022
683,683,_180,PostBurnYear1,8/25/2022 15:00,4,L,10.15,6.4,100,I,2,1.5,NA,0,NA,NA,NA,NA,NA,QUKE,yr2,treat13,dormant_burn,new,2022,QUKE,L,N,10.15,100,Y,Y,32,11,1,same resprout as tag# 3,new_exp_2022
684,684,_180,PostBurnYear1,8/25/2022 15:00,6,L,16.5,8.5,100,C,1.8,1.3,NA,0,NA,NA,NA,NA,NA,QUKE,yr2,treat13,dormant_burn,new,2022,QUKE,L,N,16.5,100,N,N,NA,NA,NA,NA,new_exp_2022
685,685,_180,PostBurnYear1,8/25/2022 15:00,7,L,12.1,5.7,70,S,4,0.75,NA,0,4,30,NA,NA,NA,PIJE,yr2,treat13,dormant_burn,new,2022,PIJE,L,N,12.1,70,N,N,NA,NA,NA,NA,new_exp_2022
686,686,_180,PostBurnYear1,8/25/2022 15:00,8,L,101.3,6.5,70,C,1.4,6,NA,0.94,NA,NA,NA,NA,NA,QUKE,yr2,treat13,dormant_burn,new,2022,QUKE,L,N,101.3,70,N,Y,7,8,1,same resprout as tag#9,new_exp_2022
687,687,_180,PostBurnYear1,8/25/2022 15:00,9,L,66,10.6,50,C,3,3.25,NA,0.42,NA,NA,NA,NA,NA,QUKE,yr2,treat13,dormant_burn,new,2022,QUKE,L,N,66,50,Y,Y,7,8,1,same resprout as tag# 8,new_exp_2022
688,688,_180,PostBurnYear1,8/25/2022 15:00,11,L,8.9,3.9,80,S,1.5,1.25,NA,1.04,1.5,20,NA,NA,NA,PIJE,yr2,treat13,dormant_burn,new,2022,PIJE,L,N,8.9,80,N,N,NA,NA,NA,NA,new_exp_2022
689,689,_180,PostBurnYear1,8/25/2022 15:00,12,L,13,7.3,100,I,1.7,2.5,NA,0,NA,NA,NA,NA,NA,QUKE,yr2,treat13,dormant_burn,new,2022,QUKE,L,N,13,100,N,N,NA,NA,NA,NA,new_exp_2022
690,690,_180,PostBurnYear1,8/25/2022 15:00,13,L,8.25,6.5,100,I,1.3,1.75,NA,0,NA,NA,NA,NA,NA,QUKE,yr2,treat13,dormant_burn,new,2022,QUKE,L,N,8.25,100,Y,N,NA,NA,NA,NA,new_exp_2022
691,691,_180,PostBurnYear1,8/25/2022 15:00,14,L,11.35,7.4,100,I,1.4,2.25,NA,0,NA,NA,NA,NA,NA,QUKE,yr2,treat13,dormant_burn,new,2022,QUKE,L,N,11.35,100,Y,N,NA,NA,NA,NA,new_exp_2022
692,692,_180,PostBurnYear1,8/25/2022 15:00,15,L,18.2,7.4,100,C,0.5,3.5,NA,0,NA,NA,NA,NA,NA,QUKE,yr2,treat13,dormant_burn,new,2022,QUKE,L,N,18.2,100,Y,N,NA,NA,NA,NA,new_exp_2022
693,693,_180,PostBurnYear1,8/25/2022 15:00,16,D,42.6,7.6,NA,NA,NA,NA,2,0,NA,NA,NA,NA,NA,PIJE,yr2,treat13,dormant_burn,new,2022,PIJE,D,N,42.6,NA,N,N,NA,NA,NA,NA,new_exp_2022
694,694,_180,PostBurnYear1,8/25/2022 15:00,17,L,18.2,8.2,100,C,1.9,2.5,NA,0,NA,NA,NA,NA,NA,QUKE,yr2,treat13,dormant_burn,new,2022,QUKE,L,N,18.2,100,Y,N,NA,NA,NA,NA,new_exp_2022
695,695,_180,PostBurnYear1,8/25/2022 15:00,18,L,8.2,3.3,100,S,1.1,1.5,NA,0,NA,NA,NA,NA,NA,QUKE,yr2,treat13,dormant_burn,new,2022,QUKE,L,N,8.2,100,Y,N,NA,NA,NA,NA,new_exp_2022
696,696,_180,PostBurnYear1,8/25/2022 15:00,19,L,15.6,6.3,100,I,1.4,1.5,NA,0,NA,NA,NA,NA,NA,QUKE,yr2,treat13,dormant_burn,new,2022,QUKE,L,N,15.6,100,Y,N,NA,NA,NA,NA,new_exp_2022
697,697,_180,PostBurnYear1,8/25/2022 15:00,20,L,14.85,7.4,100,C,1,1.75,NA,0,NA,NA,NA,NA,NA,QUKE,yr2,treat13,dormant_burn,new,2022,QUKE,L,N,14.85,100,NA,NA,NA,NA,NA,NA,new_exp_2022
698,698,_199,PostBurnYear1,8/25/2022 15:42,212,L,49.3,14.2,60,C,7.6,6.4,NA,1.36,7.6,40,NA,NA,NA,QUKE,yr2,treat13,leafout_burn,new,2022,QUKE,L,N,49.3,60,Y,N,NA,NA,NA,NA,new_exp_2022
699,699,_199,PostBurnYear1,8/25/2022 15:42,213,L,39.5,8.4,40,C,5.8,4.5,NA,0.6,5.8,60,NA,NA,NA,QUKE,yr2,treat13,leafout_burn,new,2022,QUKE,L,N,39.5,40,Y,N,NA,NA,NA,NA,new_exp_2022
700,700,_199,PostBurnYear1,8/25/2022 15:42,214,D,21,4,NA,NA,NA,NA,5,4,NA,NA,NA,NA,NA,QUKE,yr2,treat13,leafout_burn,new,2022,QUKE,D,N,21,NA,N,N,NA,NA,NA,NA,new_exp_2022
701,701,_199,PostBurnYear1,8/25/2022 15:42,215,D,NA,NA,NA,NA,NA,NA,NA,NA,NA,NA,Gone.,NA,NA,QUKE,yr2,treat13,leafout_burn,new,2022,QUKE,D,N,NA,NA,N,N,NA,NA,NA,Gone.,new_exp_2022
702,702,_199,PostBurnYear1,8/25/2022 15:42,216,L,35.05,10.8,30,C,7.9,1.5,NA,0.3,9.2,70,NA,NA,NA,QUKE,yr2,treat13,leafout_burn,new,2022,QUKE,L,N,35.05,30,Y,N,NA,NA,NA,NA,new_exp_2022
703,703,_199,PostBurnYear1,8/25/2022 15:42,217,D,13.15,4.3,NA,NA,NA,NA,1,1.6,4.3,100,NA,NA,NA,PIJE,yr2,treat13,leafout_burn,new,2022,PIJE,D,N,13.15,NA,N,N,NA,NA,NA,NA,new_exp_2022
704,704,_199,PostBurnYear1,8/25/2022 15:42,218,D,23.85,8,NA,NA,NA,NA,1,3.2,8,100,NA,NA,NA,PIJE,yr2,treat13,leafout_burn,new,2022,PIJE,D,N,23.85,NA,N,N,NA,NA,NA,NA,new_exp_2022
705,705,_199,PostBurnYear1,8/25/2022 15:42,220,D,64,9,NA,NA,NA,NA,1,2.96,9,80,NA,NA,NA,QUKE,yr2,treat13,leafout_burn,new,2022,QUKE,D,N,64,NA,N,N,NA,NA,NA,NA,new_exp_2022
706,706,_199,PostBurnYear1,8/25/2022 15:42,221,D,48.1,9.7,NA,NA,NA,NA,1,4,9.6,80,NA,NA,NA,QUKE,yr2,treat13,leafout_burn,new,2022,QUKE,D,N,48.1,NA,N,N,NA,NA,NA,NA,new_exp_2022
707,707,_199,PostBurnYear1,8/25/2022 15:42,222,L,25.65,12.6,40,C,8.4,1.25,NA,3.9,8.4,60,NA,NA,NA,PIJE,yr2,treat13,leafout_burn,new,2022,PIJE,L,N,25.65,40,N,N,NA,NA,NA,NA,new_exp_2022
708,708,_199,PostBurnYear1,8/25/2022 15:42,223,D,18.05,6.8,NA,NA,NA,NA,1,6.8,6.8,80,NA,NA,NA,PIJE,yr2,treat13,leafout_burn,new,2022,PIJE,D,N,18.05,NA,N,N,NA,NA,NA,NA,new_exp_2022
709,709,_199,PostBurnYear1,8/25/2022 15:42,224,L,92.7,10.9,30,C,4.2,3,NA,0.3,6.5,60,NA,NA,NA,QUKE,yr2,treat13,leafout_burn,new,2022,QUKE,L,N,92.7,30,N,N,NA,NA,NA,NA,new_exp_2022
81,81,_152,PreBurn,8/30/2021 14:15,203,L,54.3,20.2,100,C,10.6,3.25,NA,5.2,NA,NA,NA,NA,NA,PIJE,controls,treat,control,new,2021,PIJE,L,N,54.3,100,N,N,NA,NA,NA,NA,old_exp_2021
82,82,_152,PreBurn,8/30/2021 14:15,204,L,20.15,8.6,100,I,3.2,1.4,NA,1.4,NA,NA,NA,NA,NA,PIJE,controls,treat,control,new,2021,PIJE,L,N,20.15,100,N,N,NA,NA,NA,NA,old_exp_2021
83,83,_152,PreBurn,8/30/2021 14:15,205,L,64.5,19.8,100,C,10.6,3.5,NA,0.5,NA,NA,NA,NA,NA,PIJE,controls,treat,control,new,2021,PIJE,L,N,64.5,100,N,N,NA,NA,NA,NA,old_exp_2021
84,84,_152,PreBurn,8/30/2021 14:15,206,L,64.3,21.8,100,C,11.2,3,NA,0.4,NA,NA,NA,NA,NA,PIJE,controls,treat,control,new,2021,PIJE,L,N,64.3,100,N,N,NA,NA,NA,NA,old_exp_2021
85,85,_152,PreBurn,8/30/2021 14:15,207,L,49.15,17,100,C,13.2,2.75,NA,0.3,NA,NA,NA,NA,NA,PIJE,controls,treat,control,new,2021,PIJE,L,N,49.15,100,N,N,NA,NA,NA,NA,old_exp_2021
86,86,_152,PreBurn,8/30/2021 14:15,208,L,50.2,18.2,100,C,7.6,2.5,NA,0,NA,NA,NA,NA,NA,PIJE,controls,treat,control,new,2021,PIJE,L,N,50.2,100,N,N,NA,NA,NA,NA,old_exp_2021
87,87,_154,PreBurn,8/30/2021 14:16,101,L,8.5,3.1,100,I,0.3,0.75,NA,0,NA,NA,NA,NA,NA,PIJE,controls,treat,control,new,2021,PIJE,L,N,8.5,100,N,N,NA,NA,NA,NA,old_exp_2021
88,88,_154,PreBurn,8/30/2021 14:16,102,L,41.9,18.2,80,C,11.2,2,NA,0.2,NA,NA,NA,NA,NA,PIJE,controls,treat,control,new,2021,PIJE,L,N,41.9,80,N,N,NA,NA,NA,NA,old_exp_2021
89,89,_154,PreBurn,8/30/2021 14:16,103,L,47.2,19,90,C,10.4,2.5,NA,0.2,NA,NA,NA,NA,NA,PIJE,controls,treat,control,new,2021,PIJE,L,N,47.2,90,N,N,NA,NA,NA,NA,old_exp_2021
90,90,_154,PreBurn,8/30/2021 14:16,104,L,26.3,10.9,90,I,4.6,1.75,NA,0.5,NA,NA,NA,NA,NA,PIJE,controls,treat,control,new,2021,PIJE,L,N,26.3,90,N,N,NA,NA,NA,NA,old_exp_2021
91,91,_154,PreBurn,8/30/2021 14:16,105,L,9.95,3.9,100,S,0.5,1.4,NA,0.7,NA,NA,NA,NA,NA,PIJE,controls,treat,control,new,2021,PIJE,L,N,9.95,100,N,N,NA,NA,NA,NA,old_exp_2021
92,92,_154,PreBurn,8/30/2021 14:16,106,L,91.1,18.4,100,C,1.5,4.5,NA,0,NA,NA,NA,NA,NA,QUKE,controls,treat,control,new,2021,QUKE,L,N,91.1,100,N,N,NA,NA,NA,NA,old_exp_2021
93,93,_154,PreBurn,8/30/2021 14:16,107,L,49.5,15,80,C,10.4,2,NA,0,NA,NA,NA,NA,NA,PIJE,controls,treat,control,new,2021,PIJE,L,N,49.5,80,N,N,NA,NA,NA,NA,old_exp_2021
94,94,_158,PreBurn,8/30/2021 14:18,109,L,51.65,15.2,60,C,11.6,2.5,NA,0,NA,NA,NA,NA,NA,PIJE,controls,treat,control,new,2021,PIJE,L,N,51.65,60,N,N,NA,NA,NA,NA,old_exp_2021
95,95,_158,PreBurn,8/30/2021 14:18,110,L,116.4,6,40,S,1.8,1.5,NA,0,NA,NA,NA,NA,NA,QUKE,controls,treat,control,new,2021,QUKE,L,N,116.4,40,N,N,NA,NA,NA,NA,old_exp_2021
96,96,_158,PreBurn,8/30/2021 14:18,113,L,8,4.2,60,S,1.7,0.5,NA,0,NA,NA,NA,NA,NA,PIJE,controls,treat,control,new,2021,PIJE,L,N,8,60,N,N,NA,NA,NA,NA,old_exp_2021
97,97,_158,PreBurn,8/30/2021 14:18,114,L,49.3,16.2,80,C,8.4,2.25,NA,0,NA,NA,NA,NA,NA,PIJE,controls,treat,control,new,2021,PIJE,L,N,49.3,80,N,N,NA,NA,NA,NA,old_exp_2021
98,98,_158,PreBurn,8/30/2021 14:18,116,L,36.6,18.2,80,C,10.2,1.6,NA,0,NA,NA,NA,NA,NA,PIJE,controls,treat,control,new,2021,PIJE,L,N,36.6,80,N,N,NA,NA,NA,NA,old_exp_2021
99,99,_158,PreBurn,8/30/2021 14:18,117,L,25.55,12.6,30,I,10,1,NA,0,NA,NA,NA,NA,NA,PIJE,controls,treat,control,new,2021,PIJE,L,N,25.55,30,N,N,NA,NA,NA,NA,old_exp_2021
100,100,_158,PreBurn,8/30/2021 14:18,118,L,65.1,14.6,100,C,2.5,4.5,NA,0,NA,NA,NA,NA,NA,QUKE,controls,treat,control,new,2021,QUKE,L,N,65.1,100,N,N,NA,NA,NA,NA,old_exp_2021
101,101,_158,PreBurn,8/30/2021 14:18,119,L,70.45,15.6,100,C,0.3,4.25,NA,0,NA,NA,NA,NA,NA,QUKE,controls,treat,control,new,2021,QUKE,L,N,70.45,100,N,N,NA,NA,NA,NA,old_exp_2021
102,102,_158,PreBurn,8/30/2021 14:18,120,L,14.7,5,90,S,1.5,1.25,NA,0,NA,NA,NA,NA,NA,PIJE,controls,treat,control,new,2021,PIJE,L,N,14.7,90,N,N,NA,NA,NA,NA,old_exp_2021
103,103,_158,PreBurn,8/30/2021 14:18,121,L,12.4,4.8,70,S,1.8,0.75,NA,0,NA,NA,NA,NA,NA,PIJE,controls,treat,control,new,2021,PIJE,L,N,12.4,70,N,N,NA,NA,NA,NA,old_exp_2021
104,104,_158,PreBurn,8/30/2021 14:18,123,L,21.4,8.6,100,I,0.5,2.6,NA,0,NA,NA,NA,NA,NA,QUKE,controls,treat,control,new,2021,QUKE,L,N,21.4,100,N,N,NA,NA,NA,NA,old_exp_2021
105,105,_158,PreBurn,8/30/2021 14:18,124,L,8.45,6.5,100,I,1.5,1.25,NA,0,NA,NA,NA,NA,NA,QUKE,controls,treat,control,new,2021,QUKE,L,N,8.45,100,N,N,NA,NA,NA,NA,old_exp_2021
106,106,_158,PreBurn,8/30/2021 14:18,127,L,26,8,100,I,0.7,3.25,NA,0,NA,NA,NA,NA,NA,QUKE,controls,treat,control,new,2021,QUKE,L,N,26,100,N,N,NA,NA,NA,NA,old_exp_2021
107,107,_158,PreBurn,8/30/2021 14:18,131,L,42.55,18,90,C,11,1.75,NA,0,NA,NA,NA,NA,NA,PIJE,controls,treat,control,new,2021,PIJE,L,N,42.55,90,N,N,NA,NA,NA,NA,old_exp_2021
108,108,_158,PreBurn,8/30/2021 14:18,133,L,10.3,5,50,S,2.4,0.8,NA,0,NA,NA,NA,NA,NA,PIJE,controls,treat,control,new,2021,PIJE,L,N,10.3,50,N,N,NA,NA,NA,NA,old_exp_2021
109,109,_158,PreBurn,8/30/2021 14:18,134,L,63.2,22,100,C,15,2,NA,0,NA,NA,NA,NA,NA,PIJE,controls,treat,control,new,2021,PIJE,L,N,63.2,100,N,N,NA,NA,NA,NA,old_exp_2021
110,110,_158,PreBurn,8/30/2021 14:18,135,L,42.9,18.6,100,C,12.2,2.1,NA,0,NA,NA,NA,NA,NA,PIJE,controls,treat,control,new,2021,PIJE,L,N,42.9,100,N,N,NA,NA,NA,NA,old_exp_2021
111,111,_158,PreBurn,8/30/2021 14:18,138,L,12.95,5.8,80,S,0.7,0.95,NA,0,NA,NA,NA,NA,NA,PIJE,controls,treat,control,new,2021,PIJE,L,N,12.95,80,N,N,NA,NA,NA,NA,old_exp_2021
112,112,_158,PreBurn,8/30/2021 14:18,139,D,14.4,4.5,NA,NA,NA,NA,2,0,NA,NA,NA,NA,NA,PIJE,controls,treat,control,new,2021,PIJE,D,N,14.4,NA,N,N,NA,NA,NA,NA,old_exp_2021
113,113,_158,PreBurn,8/30/2021 14:18,140,L,45,17.4,70,C,11.2,2,NA,0,NA,NA,NA,NA,NA,PIJE,controls,treat,control,new,2021,PIJE,L,N,45,70,N,N,NA,NA,NA,NA,old_exp_2021
114,114,_157,PreBurn,8/30/2021 14:17,141,L,47.5,17.8,30,C,13.8,1.75,NA,7.2,NA,NA,NA,NA,NA,PIJE,controls,treat,control,new,2021,PIJE,L,N,47.5,30,N,N,NA,NA,NA,NA,old_exp_2021
115,115,_157,PreBurn,8/30/2021 14:17,142,L,63.5,20.4,70,C,15,2.5,NA,5.2,NA,NA,NA,NA,NA,PIJE,controls,treat,control,new,2021,PIJE,L,N,63.5,70,N,N,NA,NA,NA,NA,old_exp_2021
116,116,_157,PreBurn,8/30/2021 14:17,146,L,43.6,5,5,I,5,0.25,NA,0,NA,NA,NA,NA,NA,QUKE,controls,treat,control,new,2021,QUKE,L,N,43.6,5,N,N,NA,NA,NA,NA,old_exp_2021
117,117,_157,PreBurn,8/30/2021 14:17,147,L,52.7,18.6,80,C,12.8,2.75,NA,3.1,NA,NA,NA,NA,NA,PIJE,controls,treat,control,new,2021,PIJE,L,N,52.7,80,N,N,NA,NA,NA,NA,old_exp_2021
118,118,_157,PreBurn,8/30/2021 14:17,148,L,60.8,22.2,90,C,12.4,2.38,NA,6.2,NA,NA,NA,NA,NA,PIJE,controls,treat,control,new,2021,PIJE,L,N,60.8,90,N,N,NA,NA,NA,NA,old_exp_2021
128,128,_153,PreBurn,8/30/2021 14:16,174,D,58.85,9,NA,NA,NA,NA,3,NA,NA,NA,NA,NA,NA,QUKE,controls,treat,control,new,2021,QUKE,D,N,58.85,NA,N,N,NA,NA,NA,NA,old_exp_2021
129,129,_153,PreBurn,8/30/2021 14:16,175,D,NA,NA,NA,NA,NA,NA,NA,NA,NA,NA,NA,NA,NA,QUKE,controls,treat,control,new,2021,QUKE,D,N,NA,NA,N,N,NA,NA,NA,NA,old_exp_2021
130,130,_153,PreBurn,8/30/2021 14:16,176,D,51.85,7,NA,NA,NA,NA,2,NA,NA,NA,NA,NA,NA,QUKE,controls,treat,control,new,2021,QUKE,D,N,51.85,NA,N,N,NA,NA,NA,NA,old_exp_2021
131,131,_156,PreBurn,8/30/2021 14:17,151,L,13.95,7,90,I,0.1,1.5,NA,0,NA,NA,NA,NA,NA,QUCH2,controls,treat,control,new,2021,QUCH2,L,N,13.95,90,N,N,NA,NA,NA,NA,old_exp_2021
132,132,_156,PreBurn,8/30/2021 14:17,152,L,26.5,10.2,90,I,0.5,3.5,NA,0,NA,NA,NA,NA,NA,QUCH2,controls,treat,control,new,2021,QUCH2,L,N,26.5,90,N,N,NA,NA,NA,NA,old_exp_2021
133,133,_156,PreBurn,8/30/2021 14:17,153,L,24.9,10.5,90,I,2,3,NA,0,NA,NA,NA,NA,NA,QUCH2,controls,treat,control,new,2021,QUCH2,L,N,24.9,90,N,N,NA,NA,NA,NA,old_exp_2021
134,134,_156,PreBurn,8/30/2021 14:17,154,D,11.35,3.4,NA,NA,NA,NA,1,0,NA,NA,NA,NA,NA,PIJE,controls,treat,control,new,2021,PIJE,D,N,11.35,NA,N,N,NA,NA,NA,NA,old_exp_2021
135,135,_156,PreBurn,8/30/2021 14:17,155,L,20.8,10.8,40,I,6.2,1.5,NA,2.5,NA,NA,NA,NA,NA,PIJE,controls,treat,control,new,2021,PIJE,L,N,20.8,40,N,N,NA,NA,NA,NA,old_exp_2021
136,136,_156,PreBurn,8/30/2021 14:17,156,L,32.8,12,70,C,5.6,1.75,NA,4,NA,NA,NA,NA,NA,PIJE,controls,treat,control,new,2021,PIJE,L,N,32.8,70,N,N,NA,NA,NA,NA,old_exp_2021
137,137,_156,PreBurn,8/30/2021 14:17,157,D,NA,NA,NA,NA,NA,NA,1,NA,NA,NA,NA,NA,NA,PIJE,controls,treat,control,new,2021,PIJE,D,N,NA,NA,N,N,NA,NA,NA,NA,old_exp_2021
138,138,_156,PreBurn,8/30/2021 14:17,158,L,26.9,9.7,70,I,2.5,1,NA,2,NA,NA,NA,NA,NA,PIJE,controls,treat,control,new,2021,PIJE,L,N,26.9,70,N,N,NA,NA,NA,NA,old_exp_2021
139,139,_156,PreBurn,8/30/2021 14:17,159,D,10.3,1.5,NA,NA,NA,NA,5,1.5,NA,NA,NA,NA,NA,QUKE,controls,treat,control,new,2021,QUKE,D,N,10.3,NA,N,N,NA,NA,NA,NA,old_exp_2021
140,140,_156,PreBurn,8/30/2021 14:17,160,L,58.8,9.2,70,C,0.1,4.25,NA,0,NA,NA,NA,NA,NA,QUKE,controls,treat,control,new,2021,QUKE,L,N,58.8,70,N,N,NA,NA,NA,NA,old_exp_2021
141,141,_156,PreBurn,8/30/2021 14:17,161,L,14.8,8,90,I,2,0.85,NA,0.4,NA,NA,NA,NA,NA,PIJE,controls,treat,control,new,2021,PIJE,L,N,14.8,90,N,N,NA,NA,NA,NA,old_exp_2021
142,142,_156,PreBurn,8/30/2021 14:17,162,L,20.3,7,80,S,3.8,1.25,NA,1,NA,NA,NA,NA,NA,PIJE,controls,treat,control,new,2021,PIJE,L,N,20.3,80,N,N,NA,NA,NA,NA,old_exp_2021
143,143,_156,PreBurn,8/30/2021 14:17,163,L,31.5,11.8,90,C,2.1,1.45,NA,1.4,NA,NA,NA,NA,NA,PIJE,controls,treat,control,new,2021,PIJE,L,N,31.5,90,N,N,NA,NA,NA,NA,old_exp_2021
144,144,_156,PreBurn,8/30/2021 14:17,165,L,13.85,6.2,90,S,1.9,1.2,NA,0.5,NA,NA,NA,NA,NA,PIJE,controls,treat,control,new,2021,PIJE,L,N,13.85,90,N,N,NA,NA,NA,NA,old_exp_2021
145,145,_156,PreBurn,8/30/2021 14:17,166,L,46.1,6.4,90,I,1.1,3.75,NA,0,NA,NA,NA,NA,NA,QUKE,controls,treat,control,new,2021,QUKE,L,N,46.1,90,N,N,NA,NA,NA,NA,old_exp_2021
146,146,_156,PreBurn,8/30/2021 14:17,167,D,29.3,2.7,NA,NA,NA,NA,3,0,NA,NA,NA,NA,NA,QUKE,controls,treat,control,new,2021,QUKE,D,N,29.3,NA,N,N,NA,NA,NA,NA,old_exp_2021
147,147,_156,PreBurn,8/30/2021 14:17,168,L,34.55,9,80,S,0.4,2,NA,0,NA,NA,NA,NA,NA,QUKE,controls,treat,control,new,2021,QUKE,L,N,34.55,80,N,N,NA,NA,NA,NA,old_exp_2021
148,148,_156,PreBurn,8/30/2021 14:17,169,L,55.3,8.4,90,S,2.2,1.5,NA,0,NA,NA,NA,NA,NA,QUKE,controls,treat,control,new,2021,QUKE,L,N,55.3,90,N,N,NA,NA,NA,NA,old_exp_2021
149,149,_156,PreBurn,8/30/2021 14:17,170,L,47.4,15,90,C,8.6,4.5,NA,0,NA,NA,NA,NA,NA,QUKE,controls,treat,control,new,2021,QUKE,L,N,47.4,90,N,N,NA,NA,NA,NA,old_exp_2021
150,150,_156,PreBurn,8/30/2021 14:17,171,L,32.1,10.8,80,S,5.4,1.25,NA,0,NA,NA,NA,NA,NA,QUKE,controls,treat,control,new,2021,QUKE,L,N,32.1,80,N,N,NA,NA,NA,NA,old_exp_2021
151,151,_156,PreBurn,8/30/2021 14:17,964,L,13.9,5.4,90,S,2.1,1,NA,0,NA,NA,NA,NA,NA,PIJE,controls,treat,control,new,2021,PIJE,L,N,13.9,90,N,N,NA,NA,NA,NA,old_exp_2021
1058,1058,_150,PreBurn,8/30/2021 14:14,837,L,67.6,16.6,60,C,1.6,4.5,NA,0,NA,NA,NA,NA,NA,QUKE,yr2,treat4,control,new,2021,QUKE,L,N,67.6,60,N,N,NA,NA,NA,NA,old_exp_2021
1059,1059,_150,PreBurn,8/30/2021 14:14,838,L,48.9,11.5,80,C,1.7,4.75,NA,0,NA,NA,NA,NA,NA,QUKE,yr2,treat4,control,new,2021,QUKE,L,N,48.9,80,N,N,NA,NA,NA,NA,old_exp_2021
1060,1060,_150,PreBurn,8/30/2021 14:14,840,L,13.3,6.5,100,I,1,2.1,NA,0,NA,NA,NA,NA,NA,QUKE,yr2,treat4,control,new,2021,QUKE,L,N,13.3,100,N,N,NA,NA,NA,NA,old_exp_2021
1061,1061,_150,PreBurn,8/30/2021 14:14,842,L,10.7,6,80,I,0.2,1.6,NA,0,NA,NA,NA,NA,NA,QUKE,yr2,treat4,control,new,2021,QUKE,L,N,10.7,80,N,N,NA,NA,NA,NA,old_exp_2021
1062,1062,_150,PreBurn,8/30/2021 14:14,843,D,64.85,17.4,NA,NA,NA,NA,2,2.5,NA,NA,NA,NA,NA,QUKE,yr2,treat4,control,new,2021,QUKE,D,N,64.85,NA,N,N,NA,NA,NA,NA,old_exp_2021
162,162,_152,PostBurnYear1,9/26/2022 11:02,203,L,54.75,20.4,90,C,10.6,2.5,NA,NA,NA,NA,NA,NA,NA,PIJE,controls,treat,control,new,2022,PIJE,L,N,54.75,90,N,N,NA,NA,NA,NA,old_exp_2022
163,163,_152,PostBurnYear1,9/26/2022 11:02,204,L,20.75,8.6,90,I,2.8,1,NA,NA,NA,NA,NA,NA,NA,PIJE,controls,treat,control,new,2022,PIJE,L,N,20.75,90,N,N,NA,NA,NA,NA,old_exp_2022
164,164,_152,PostBurnYear1,9/26/2022 11:02,205,L,64.95,20,100,C,10.8,3,NA,NA,NA,NA,NA,NA,NA,PIJE,controls,treat,control,new,2022,PIJE,L,N,64.95,100,N,N,NA,NA,NA,NA,old_exp_2022
165,165,_152,PostBurnYear1,9/26/2022 11:02,206,L,64.55,22,100,C,11,2.75,NA,NA,NA,NA,NA,NA,NA,PIJE,controls,treat,control,new,2022,PIJE,L,N,64.55,100,N,N,NA,NA,NA,NA,old_exp_2022
166,166,_152,PostBurnYear1,9/26/2022 11:02,207,L,49.25,18,100,C,12.2,2.5,NA,NA,NA,NA,NA,NA,NA,PIJE,controls,treat,control,new,2022,PIJE,L,N,49.25,100,N,N,NA,NA,NA,NA,old_exp_2022
167,167,_152,PostBurnYear1,9/26/2022 11:02,208,L,50.5,18.3,100,C,7.7,2.5,NA,NA,NA,NA,NA,NA,NA,PIJE,controls,treat,control,new,2022,PIJE,L,N,50.5,100,N,N,NA,NA,NA,NA,old_exp_2022
168,168,_154,PostBurnYear1,9/26/2022 11:04,101,L,9.4,3.2,100,I,0.2,0.75,NA,NA,NA,NA,NA,NA,NA,PIJE,controls,treat,control,new,2022,PIJE,L,N,9.4,100,N,N,NA,NA,NA,NA,old_exp_2022
169,169,_154,PostBurnYear1,9/26/2022 11:04,102,L,41.5,18.2,80,C,10.2,1.75,NA,NA,NA,NA,NA,NA,NA,PIJE,controls,treat,control,new,2022,PIJE,L,N,41.5,80,N,N,NA,NA,NA,NA,old_exp_2022
170,170,_154,PostBurnYear1,9/26/2022 11:04,103,L,47.15,19,100,C,10.4,2.2,NA,NA,NA,NA,NA,NA,NA,PIJE,controls,treat,control,new,2022,PIJE,L,N,47.15,100,N,N,NA,NA,NA,NA,old_exp_2022
171,171,_154,PostBurnYear1,9/26/2022 11:04,104,L,26.45,11,90,I,4.6,1,NA,NA,NA,NA,NA,NA,NA,PIJE,controls,treat,control,new,2022,PIJE,L,N,26.45,90,N,N,NA,NA,NA,NA,old_exp_2022
172,172,_154,PostBurnYear1,9/26/2022 11:04,105,L,9.5,4,100,S,0.5,0.5,NA,NA,NA,NA,NA,NA,NA,PIJE,controls,treat,control,new,2022,PIJE,L,N,9.5,100,N,N,NA,NA,NA,NA,old_exp_2022
173,173,_154,PostBurnYear1,9/26/2022 11:04,106,L,91.4,18.5,80,C,1.1,4,NA,NA,NA,NA,NA,NA,NA,QUKE,controls,treat,control,new,2022,QUKE,L,N,91.4,80,N,N,NA,NA,NA,NA,old_exp_2022
174,174,_154,PostBurnYear1,9/26/2022 11:04,107,L,49.8,15.4,70,C,10.8,2,NA,NA,NA,NA,NA,NA,NA,PIJE,controls,treat,control,new,2022,PIJE,L,N,49.8,70,N,N,NA,NA,NA,NA,old_exp_2022
175,175,_158,PostBurnYear1,9/26/2022 11:05,109,L,52.4,15.5,90,C,12,2.25,NA,NA,NA,NA,NA,NA,NA,PIJE,controls,treat,control,new,2022,PIJE,L,N,52.4,90,N,N,NA,NA,NA,NA,old_exp_2022
176,176,_158,PostBurnYear1,9/26/2022 11:05,110,L,119.7,6.2,40,I,0.3,1.5,NA,NA,NA,NA,NA,NA,NA,QUKE,controls,treat,control,new,2022,QUKE,L,N,119.7,40,N,N,NA,NA,NA,NA,old_exp_2022
177,177,_158,PostBurnYear1,9/26/2022 11:05,113,L,8.2,4.1,70,S,1.5,0.2,NA,NA,NA,NA,NA,NA,NA,PIJE,controls,treat,control,new,2022,PIJE,L,N,8.2,70,N,N,NA,NA,NA,NA,old_exp_2022
178,178,_158,PostBurnYear1,9/26/2022 11:05,114,L,49.9,16.5,90,C,8.4,2.5,NA,NA,NA,NA,NA,NA,NA,PIJE,controls,treat,control,new,2022,PIJE,L,N,49.9,90,N,N,NA,NA,NA,NA,old_exp_2022
179,179,_158,PostBurnYear1,9/26/2022 11:05,116,L,36.5,10.5,20,I,9,0.75,NA,NA,NA,NA,NA,NA,NA,PIJE,controls,treat,control,new,2022,PIJE,L,N,36.5,20,N,N,NA,NA,NA,NA,old_exp_2022
180,180,_158,PostBurnYear1,9/26/2022 11:05,117,L,25.6,12.4,10,I,10,1,NA,NA,NA,NA,NA,NA,NA,PIJE,controls,treat,control,new,2022,PIJE,L,N,25.6,10,N,N,NA,NA,NA,NA,old_exp_2022
181,181,_158,PostBurnYear1,9/26/2022 11:05,118,L,66.1,15,90,C,2.3,4.75,NA,NA,NA,NA,NA,NA,NA,QUKE,controls,treat,control,new,2022,QUKE,L,N,66.1,90,N,N,NA,NA,NA,NA,old_exp_2022
182,182,_158,PostBurnYear1,9/26/2022 11:05,119,L,75.8,15.6,90,C,0.3,4.5,NA,NA,NA,NA,NA,NA,NA,QUKE,controls,treat,control,new,2022,QUKE,L,N,75.8,90,N,N,NA,NA,NA,NA,old_exp_2022
183,183,_158,PostBurnYear1,9/26/2022 11:05,120,L,15.1,5,90,S,1.5,1,NA,NA,NA,NA,NA,NA,NA,PIJE,controls,treat,control,new,2022,PIJE,L,N,15.1,90,N,N,NA,NA,NA,NA,old_exp_2022
184,184,_158,PostBurnYear1,9/26/2022 11:05,121,L,12.85,4.8,90,S,1.4,0.75,NA,NA,NA,NA,NA,NA,NA,PIJE,controls,treat,control,new,2022,PIJE,L,N,12.85,90,N,N,NA,NA,NA,NA,old_exp_2022
185,185,_158,PostBurnYear1,9/26/2022 11:05,123,L,22.4,8.9,100,I,0.3,3,NA,NA,NA,NA,NA,NA,NA,QUKE,controls,treat,control,new,2022,QUKE,L,N,22.4,100,N,N,NA,NA,NA,NA,old_exp_2022
186,186,_158,PostBurnYear1,9/26/2022 11:05,124,L,9.2,6.7,100,I,0,1.75,NA,NA,NA,NA,NA,NA,NA,QUKE,controls,treat,control,new,2022,QUKE,L,N,9.2,100,N,N,NA,NA,NA,NA,old_exp_2022
187,187,_158,PostBurnYear1,9/26/2022 11:05,127,L,26.65,8.1,100,I,0.8,3.5,NA,NA,NA,NA,NA,NA,NA,QUKE,controls,treat,control,new,2022,QUKE,L,N,26.65,100,N,N,NA,NA,NA,NA,old_exp_2022
188,188,_158,PostBurnYear1,9/26/2022 11:05,131,L,42.5,18.3,90,C,11.2,3.5,NA,NA,NA,NA,NA,NA,NA,PIJE,controls,treat,control,new,2022,PIJE,L,N,42.5,90,N,N,NA,NA,NA,NA,old_exp_2022
189,189,_158,PostBurnYear1,9/26/2022 11:05,133,L,10.35,5.1,10,S,0.3,1,NA,NA,NA,NA,NA,NA,NA,PIJE,controls,treat,control,new,2022,PIJE,L,N,10.35,10,N,N,NA,NA,NA,NA,old_exp_2022
190,190,_158,PostBurnYear1,9/26/2022 11:05,134,L,63.6,22.3,90,C,15.1,2.75,NA,NA,NA,NA,NA,NA,NA,PIJE,controls,treat,control,new,2022,PIJE,L,N,63.6,90,N,N,NA,NA,NA,NA,old_exp_2022
191,191,_158,PostBurnYear1,9/26/2022 11:05,135,L,43.2,19,90,C,12,2.5,NA,NA,NA,NA,NA,NA,NA,PIJE,controls,treat,control,new,2022,PIJE,L,N,43.2,90,N,N,NA,NA,NA,NA,old_exp_2022
192,192,_158,PostBurnYear1,9/26/2022 11:05,138,L,13.15,6,70,S,0.7,1,NA,NA,NA,NA,NA,NA,NA,PIJE,controls,treat,control,new,2022,PIJE,L,N,13.15,70,N,N,NA,NA,NA,NA,old_exp_2022
193,193,_158,PostBurnYear1,9/26/2022 11:05,139,D,13.6,3.5,NA,NA,NA,NA,3,NA,NA,NA,NA,NA,NA,PIJE,controls,treat,control,new,2022,PIJE,D,N,13.6,NA,N,N,NA,NA,NA,NA,old_exp_2022
194,194,_158,PostBurnYear1,9/26/2022 11:05,140,L,44,17.2,40,C,11.2,2.5,NA,NA,NA,NA,NA,NA,NA,PIJE,controls,treat,control,new,2022,PIJE,L,N,44,40,N,N,NA,NA,NA,NA,old_exp_2022
195,195,_157,PostBurnYear1,9/26/2022 11:05,141,L,47.1,17.8,50,C,14,1.25,NA,NA,NA,NA,NA,NA,NA,PIJE,controls,treat,control,new,2022,PIJE,L,N,47.1,50,N,N,NA,NA,NA,NA,old_exp_2022
196,196,_157,PostBurnYear1,9/26/2022 11:05,142,L,63.4,20.5,90,C,15.2,3.25,NA,NA,NA,NA,NA,NA,NA,PIJE,controls,treat,control,new,2022,PIJE,L,N,63.4,90,N,N,NA,NA,NA,NA,old_exp_2022
197,197,_157,PostBurnYear1,9/26/2022 11:05,146,L,NA,5,5,NA,5,0.25,NA,NA,NA,NA,Now a sapling.,NA,NA,QUKE,controls,treat,control,new,2022,QUKE,L,N,NA,5,N,N,NA,NA,NA,Now a sapling.,old_exp_2022
198,198,_157,PostBurnYear1,9/26/2022 11:05,147,L,53.35,18.8,90,C,10,2.25,NA,NA,NA,NA,NA,NA,NA,PIJE,controls,treat,control,new,2022,PIJE,L,N,53.35,90,N,N,NA,NA,NA,NA,old_exp_2022
199,199,_157,PostBurnYear1,9/26/2022 11:05,148,L,61.8,22.3,100,C,12.4,2,NA,NA,NA,NA,NA,NA,NA,PIJE,controls,treat,control,new,2022,PIJE,L,N,61.8,100,N,N,NA,NA,NA,NA,old_exp_2022
200,200,_153,PostBurnYear1,9/26/2022 11:03,174,D,58.9,9.4,NA,NA,NA,NA,4,NA,NA,NA,NA,NA,NA,QUKE,controls,treat,control,new,2022,QUKE,D,N,58.9,NA,N,N,NA,NA,NA,NA,old_exp_2022
201,201,_153,PostBurnYear1,9/26/2022 11:03,175,D,NA,NA,NA,NA,NA,NA,NA,NA,NA,NA,Fallen.,NA,NA,QUKE,controls,treat,control,new,2022,QUKE,D,N,NA,NA,N,N,NA,NA,NA,Fallen.,old_exp_2022
202,202,_153,PostBurnYear1,9/26/2022 11:03,176,D,51.1,7,NA,NA,NA,NA,2,NA,NA,NA,NA,NA,NA,QUKE,controls,treat,control,new,2022,QUKE,D,N,51.1,NA,N,N,NA,NA,NA,NA,old_exp_2022
203,203,_156,PostBurnYear1,9/26/2022 11:04,151,L,14.3,7.5,100,I,0.1,2,NA,NA,NA,NA,NA,NA,NA,QUCH2,controls,treat,control,new,2022,QUCH2,L,N,14.3,100,N,N,NA,NA,NA,NA,old_exp_2022
204,204,_156,PostBurnYear1,9/26/2022 11:04,152,L,26.8,10.5,100,I,0.5,2.75,NA,NA,NA,NA,NA,NA,NA,QUCH2,controls,treat,control,new,2022,QUCH2,L,N,26.8,100,N,N,NA,NA,NA,NA,old_exp_2022
205,205,_156,PostBurnYear1,9/26/2022 11:04,153,L,25.85,10.6,90,I,1.8,2.75,NA,NA,NA,NA,NA,NA,NA,QUCH2,controls,treat,control,new,2022,QUCH2,L,N,25.85,90,N,N,NA,NA,NA,NA,old_exp_2022
206,206,_156,PostBurnYear1,9/26/2022 11:04,154,D,11.5,3.4,NA,NA,NA,NA,2,NA,NA,NA,NA,NA,NA,PIJE,controls,treat,control,new,2022,PIJE,D,N,11.5,NA,N,N,NA,NA,NA,NA,old_exp_2022
207,207,_156,PostBurnYear1,9/26/2022 11:04,155,L,21,10.9,30,I,7,0.75,NA,NA,NA,NA,NA,NA,NA,PIJE,controls,treat,control,new,2022,PIJE,L,N,21,30,N,N,NA,NA,NA,NA,old_exp_2022
208,208,_156,PostBurnYear1,9/26/2022 11:04,156,L,32.6,12,80,C,5.6,1.5,NA,NA,NA,NA,NA,NA,NA,PIJE,controls,treat,control,new,2022,PIJE,L,N,32.6,80,N,N,NA,NA,NA,NA,old_exp_2022
209,209,_156,PostBurnYear1,9/26/2022 11:04,157,D,NA,NA,NA,NA,NA,NA,NA,NA,NA,NA,Gone.,NA,NA,PIJE,controls,treat,control,new,2022,PIJE,D,N,NA,NA,N,N,NA,NA,NA,Gone.,old_exp_2022
210,210,_156,PostBurnYear1,9/26/2022 11:04,158,L,27.4,9.9,90,I,3,1,NA,NA,NA,NA,NA,NA,NA,PIJE,controls,treat,control,new,2022,PIJE,L,N,27.4,90,N,N,NA,NA,NA,NA,old_exp_2022
211,211,_156,PostBurnYear1,9/26/2022 11:04,159,D,10.55,1.41,NA,NA,NA,NA,5,NA,NA,NA,NA,NA,NA,QUKE,controls,treat,control,new,2022,QUKE,D,N,10.55,NA,N,N,NA,NA,NA,NA,old_exp_2022
212,212,_156,PostBurnYear1,9/26/2022 11:04,160,L,59.4,9.5,90,C,0.1,4.2,NA,NA,NA,NA,NA,NA,NA,QUKE,controls,treat,control,new,2022,QUKE,L,N,59.4,90,N,N,NA,NA,NA,NA,old_exp_2022
213,213,_156,PostBurnYear1,9/26/2022 11:04,161,L,15.45,8,90,I,2,0.75,NA,NA,NA,NA,NA,NA,NA,PIJE,controls,treat,control,new,2022,PIJE,L,N,15.45,90,N,N,NA,NA,NA,NA,old_exp_2022
214,214,_156,PostBurnYear1,9/26/2022 11:04,162,L,20.8,7.1,90,S,3,1,NA,NA,NA,NA,NA,NA,NA,PIJE,controls,treat,control,new,2022,PIJE,L,N,20.8,90,N,N,NA,NA,NA,NA,old_exp_2022
215,215,_156,PostBurnYear1,9/26/2022 11:04,163,L,31.6,12,90,C,3,2,NA,NA,NA,NA,NA,NA,NA,PIJE,controls,treat,control,new,2022,PIJE,L,N,31.6,90,N,N,NA,NA,NA,NA,old_exp_2022
216,216,_156,PostBurnYear1,9/26/2022 11:04,165,L,14.45,6.3,90,S,2,0.5,NA,NA,NA,NA,NA,NA,NA,PIJE,controls,treat,control,new,2022,PIJE,L,N,14.45,90,N,N,NA,NA,NA,NA,old_exp_2022
217,217,_156,PostBurnYear1,9/26/2022 11:04,166,L,47.15,6.4,90,I,NA,4,NA,NA,NA,NA,NA,NA,NA,QUKE,controls,treat,control,new,2022,QUKE,L,N,47.15,90,N,N,NA,NA,NA,NA,old_exp_2022
218,218,_156,PostBurnYear1,9/26/2022 11:04,167,D,30,2.5,NA,NA,NA,NA,5,NA,NA,NA,NA,NA,NA,QUKE,controls,treat,control,new,2022,QUKE,D,N,30,NA,N,N,NA,NA,NA,NA,old_exp_2022
219,219,_156,PostBurnYear1,9/26/2022 11:04,168,L,35.4,9.1,90,I,0.5,1.75,NA,NA,NA,NA,NA,NA,NA,QUKE,controls,treat,control,new,2022,QUKE,L,N,35.4,90,N,N,NA,NA,NA,NA,old_exp_2022
220,220,_156,PostBurnYear1,9/26/2022 11:04,169,L,55.5,8.5,90,I,2.2,3,NA,NA,NA,NA,NA,NA,NA,QUKE,controls,treat,control,new,2022,QUKE,L,N,55.5,90,N,N,NA,NA,NA,NA,old_exp_2022
221,221,_156,PostBurnYear1,9/26/2022 11:04,170,L,47.5,NA,90,C,NA,2.75,NA,NA,NA,NA,NA,NA,NA,QUKE,controls,treat,control,new,2022,QUKE,L,N,47.5,90,N,N,NA,NA,NA,NA,old_exp_2022
222,222,_156,PostBurnYear1,9/26/2022 11:04,171,L,32.5,NA,90,I,NA,2,NA,NA,NA,NA,NA,NA,NA,QUKE,controls,treat,control,new,2022,QUKE,L,N,32.5,90,N,N,NA,NA,NA,NA,old_exp_2022
223,223,_156,PostBurnYear1,9/26/2022 11:04,964,L,14.1,5.5,80,S,1.9,1,NA,NA,NA,NA,NA,NA,NA,PIJE,controls,treat,control,new,2022,PIJE,L,N,14.1,80,N,N,NA,NA,NA,NA,old_exp_2022
1114,1114,_150,PostBurnYear1,9/26/2022 11:01,837,L,68.25,16.8,60,C,0.8,2.5,NA,NA,NA,NA,NA,NA,NA,QUKE,yr3,treat4,control,new,2022,QUKE,L,N,68.25,60,N,N,NA,NA,NA,NA,old_exp_2022
1115,1115,_150,PostBurnYear1,9/26/2022 11:01,838,L,49.8,12,90,C,1.6,3.5,NA,NA,NA,NA,NA,NA,NA,QUKE,yr3,treat4,control,new,2022,QUKE,L,N,49.8,90,N,N,NA,NA,NA,NA,old_exp_2022
1116,1116,_150,PostBurnYear1,9/26/2022 11:01,840,L,14.4,7,100,I,NA,1,NA,NA,NA,NA,NA,NA,NA,QUKE,yr3,treat4,control,new,2022,QUKE,L,N,14.4,100,N,N,NA,NA,NA,NA,old_exp_2022
1117,1117,_150,PostBurnYear1,9/26/2022 11:01,842,L,11.75,6.3,100,I,NA,0.75,NA,NA,NA,NA,NA,NA,NA,QUKE,yr3,treat4,control,new,2022,QUKE,L,N,11.75,100,N,N,NA,NA,NA,NA,old_exp_2022
1118,1118,_150,PostBurnYear1,9/26/2022 11:01,843,D,NA,NA,NA,NA,NA,NA,NA,NA,NA,NA,NA,NA,NA,QUKE,yr3,treat4,control,new,2022,QUKE,D,N,NA,NA,N,N,NA,NA,NA,NA,old_exp_2022
