MacroPlot.Name,Monitoring.Status, Date,TagNo,Species ,Status,Top Kill    (Y/N),DBH,Height,Crown Ratio,Crown Class,Base to Crown (m),Crown Radius,Decay Class (dead),Char Ht (m),Scorch Ht (m),Scorth %,Torch %,Epicormic Resprout (Y/N),Basal Resprout (Y/N),Basal Resprout Height (cm),Basal Resprout Width (cm),Resprout Count,Comment
_128,PostBurnYear1,2021,,,,,,,,,,,,,,,,N,N,,,,
_128,PostBurnYear1,2021,652,PIJE,L,N,63.9,22.8,70,C,13.8,2.5,,3,13.8,30,,N,N,,,,
_128,PostBurnYear1,2021,653,PIJE,L,N,53.35,22.6,80,C,13.8,2.45,,4,13.8,20,,N,N,,,,
_128,PostBurnYear1,2021,655,PIJE,L,N,39.4,21.6,70,C,14.2,1.4,,10,13,25,,N,N,,,,
_128,PostBurnYear1,2021,657,PIJE,L,N,63.1,21,70,C,15.4,3,,9.4,15.4,25,,N,N,,,,
_128,PostBurnYear1,2021,663,QUKE,D,N,,,,,,,,,,,,N,N,,,,Tree is gone
_128,PostBurnYear1,2021,664,QUKE,D,N,,,,,,,,,,,,N,N,,,,Tree is gone
_128,PostBurnYear1,2021,668,PIJE,L,N,43.7,18.6,80,C,11.3,0.5,,2.8,2.8,25,,N,N,,,,
_128,PostBurnYear1,2021,670,PIJE,D,N,10.75,6.2,,,,,1,,4,100,,N,N,,,,
_129,PostBurnYear1,2021,,,,,,,,,,,,,,,,,,,,,
_129,PostBurnYear1,2021,605,PIJE,L,N,55.05,26,90,C,7.6,2,,2,,,,N,N,,,,
_129,PostBurnYear1,2021,606,PIJE,L,N,16.75,6.8,100,I,10,2.35,,0,,,,N,N,,,,
_129,PostBurnYear1,2021,608,PIJE,L,N,47.7,24,100,C,15.8,1.95,,0.05,,,,N,N,,,,
_129,PostBurnYear1,2021,609,PIJE,L,N,52.75,28,100,C,11,2.5,,2.1,,,,N,N,,,,
_129,PostBurnYear1,2021,610,QUKE,L,N,81.6,24,90,I,2.6,4.5,,0.5,,,,N,N,,,,
_129,PostBurnYear1,2021,612,PIJE,L,N,67.6,28.4,90,C,16,2.7,,1.4,,,,N,N,,,,
_129,PostBurnYear1,2021,614,QUKE,L,N,8.35,6.6,100,S,2.5,1.25,,0.4,,,,N,N,,,,
_129,PostBurnYear1,2021,615,QUKE,L,N,7.85,6.6,100,S,2.6,0.75,,0.3,,,,N,N,,,,
_129,PostBurnYear1,2021,617,PIJE,L,N,56.9,26,100,C,15,2.95,,4.5,,,,N,N,,,,
_129,PostBurnYear1,2021,622,QUKE,L,N,9.5,6.5,90,I,1.5,1.15,,0.2,,,,Y,N,,,,
_129,PostBurnYear1,2021,623,QUKE,D,N,79.4,8.4,,,,,3,,,,,N,N,,,,
_129,PostBurnYear1,2021,624,QUKE,D,N,70.7,8.9,,,,,2,,,,,N,N,,,,
_130,PostBurnYear1,2021,,,,,,,,,,,,,,,,,,,,,
_130,PostBurnYear1,2021,637,PIJE,L,N,30.7,16.2,70,C,7.8,2.4,,0.8,9.8,30,,N,N,,,,
_130,PostBurnYear1,2021,638,PIJE,L,N,51.6,22,80,C,12.2,2.9,,1.7,,10,,N,N,,,,
_130,PostBurnYear1,2021,648,PIJE,L,N,45.55,15.4,60,I,10,1.75,,2.1,11.4,40,,N,N,,,,
_130,PostBurnYear1,2021,640,PIJE,L,N,46.1,20.8,80,C,13,2.75,,2.2,11.4,10,,N,N,,,,
_130,PostBurnYear1,2021,641,PIJE,L,N,56.4,25,100,C,14.4,3.1,,4.2,7.8,2,,N,N,,,,
_130,PostBurnYear1,2021,642,PIJE,D,N,79,14.2,,,,,5,14.2,,,,N,N,,,,
_130,PostBurnYear1,2021,643,PIJE,L,N,23.5,11.6,80,I,7.5,0.9,,1.4,7.5,20,,N,N,,,,
_130,PostBurnYear1,2021,644,QUKE,L,N,22.45,7.6,10,I,2.4,2,,0.15,7.4,80,,Y,N,,,,
_130,PostBurnYear1,2021,645,QUKE,L,N,27.9,8.2,70,I,2.4,3.1,,0.15,4.5,20,,Y,N,,,,
_130,PostBurnYear1,2021,646,QUKE,L,N,29.85,12.8,80,I,4,3.5,,0.2,4.5,2,,N,N,,,,
_130,PostBurnYear1,2021,647,QUKE,L,N,33.1,12.3,80,I,3.4,3.5,,0,2.4,5,,N,N,,,,
_130,PostBurnYear1,2021,649,PIJE,L,N,45.75,20.2,100,C,9,2.75,,1.8,6.2,1,,N,N,,,,
_131,PostBurnYear1,2021,,,,,,,,,,,,,,,,,,,,,
_131,PostBurnYear1,2021,674,QUKE,D,Y,36.5,14,,,,,1,3,14,40,60,N,Y,35,20,18,
_131,PostBurnYear1,2021,675,QUKE,D,Y,42.3,15,,,,,1,5,0,0,0,N,Y,35,20,18,
_131,PostBurnYear1,2021,676,PIJE,D,N,,,,,,,,,,,,N,N,,,,Fallen; cut-down.
_131,PostBurnYear1,2021,677,PIJE,L,N,37.3,14.2,5,I,10.4,0.25,,9.2,10.2,97,1,N,N,,,,New tag 965
_131,PostBurnYear1,2021,678,PIJE,D,N,19.8,8.8,,,,,1,4,8.8,100,0,N,N,,,,New tag 966
_131,PostBurnYear1,2021,679,PIJE,L,N,61,23,10,C,18,2,,12.6,21.2,90,1,N,N,,,,New tag 967
_131,PostBurnYear1,2021,680,QUKE,L,N,41.3,12,5,I,10,0.5,,3.8,10,90,5,N,Y,45,59,4,
_132,PostBurnYear1,2021,,,,,,,,,,,,,,,,,,,,,
_132,PostBurnYear1,2021,626,PIJE,D,N,16.95,8,,,,,1,2.2,2.2,98,2,N,N,,,,
_132,PostBurnYear1,2021,628,PIJE,L,N,71.6,26.8,20,C,20.5,2.25,,8.2,20.5,77,3,N,N,,,,
_132,PostBurnYear1,2021,630,PIJE,L,N,70.2,33.4,20,C,24.5,1.9,,9.4,24.4,70,10,N,N,,,,New tag 968
_133,PostBurnYear1,2021,,,,,,,,,,,,,,,,,,,,,
_133,PostBurnYear1,2021,682,QUKE,L,N,68.7,14.8,100,I,1,4.25,,0,0.5,0.5,0,N,N,,,,
_133,PostBurnYear1,2021,683,QUKE,L,N,38.85,10.4,100,I,0.5,3,,0,1.5,0.5,0,N,N,,,,
_133,PostBurnYear1,2021,684,QUKE,D,Y,9.85,5.9,,,,,1,2,5.9,95,5,N,Y,55,87.5,38,
_133,PostBurnYear1,2021,685,QUKE,D,Y,8.25,5.8,,,,,1,2.5,5.8,90,10,N,Y,55,87.5,38,
_133,PostBurnYear1,2021,687,PIJE,L,N,84.55,16.2,20,C,9.2,3.5,,0,0,0,0,N,N,,,,
_133,PostBurnYear1,2021,688,PIJE,L,N,75.65,25,100,C,13,4,,0,0,0,0,N,N,,,,
_134,PostBurnYear1,2021,,,,,,,,,,,,,,,,,,,,,
_134,PostBurnYear1,2021,740,PIJE,L,N,35.9,19,40,C,13.6,1.35,,7.4,13.4,60,2,N,N,,,,New tag 880
_134,PostBurnYear1,2021,741,QUKE,D,N,,,,,,,5,,,,0,N,N,,,,
_134,PostBurnYear1,2021,743,QUKE,L,N,39.4,12.6,30,C,3.2,2.75,,0.5,0,0,0,Y,Y,30,25,3,
_134,PostBurnYear1,2021,744,QUKE,L,N,38.15,12,20,C,2.9,2.5,,0.3,0,0,0,Y,Y,85,98,34,
_134,PostBurnYear1,2021,745,PIJE,D,N,14.05,4.5,,,,,,4.5,4.5,90,10,N,N,,,,
_134,PostBurnYear1,2021,747,PIJE,L,N,41.55,21.4,40,C,14.6,1,,9.6,14.6,60,1,N,N,,,,
_134,PostBurnYear1,2021,754,PIJE,L,N,57.3,25.6,80,C,17,2.5,,10.4,17,20,0,N,N,,,,
_134,PostBurnYear1,2021,755,PIJE,L,N,46.65,24.4,80,C,18.4,1.75,,8,18.4,20,0,N,N,,,,
_134,PostBurnYear1,2021,756,PIJE,L,N,56.2,26,90,C,17.6,4.5,,7.6,0,0,0,N,N,,,,New tag 881
_134,PostBurnYear1,2021,757,PIJE,L,N,58.4,23,60,C,17.4,4,,7.4,14.6,40,2,N,N,,,,New tag 879
_135,PostBurnYear1,2021,,,,,,,,,,,,,,,,,,,,,
_135,PostBurnYear1,2021,725,QUKE,L,N,89,21,80,I,2.3,6,,2.2,,,, Y,N,,,,
_135,PostBurnYear1,2021,726,PIJE,L,N,79.3,33.2,90,C,19.2,2.25,,10.6,22,5,,N,N,,,,New Tag 878
_135,PostBurnYear1,2021,730,PIJE,L,N,60.9,27.4,90,C,18.5,2.15,,9.6,,,,N,N,,,,
_135,PostBurnYear1,2021,731,QUKE,D,Y,23.3,11.5,,,,,1,3,,,,N,Y,71,106,3,
_135,PostBurnYear1,2021,732,QUKE,D,N,,,,,,,,,,,,,,,,,
_135,PostBurnYear1,2021,733,QUKE,D,N,11.15,1.6,,,,,5,1.6,,,,N,N,,,,
_137,PostBurnYear1,2021,,,,,,,,,,,,,,,,,,,,,
_137,PostBurnYear1,2021,701,PIJE,D,N,60.95,14.6,,,,,3,4.4,,,,N,N,,,,
_137,PostBurnYear1,2021,702,PIJE,D,N,43.4,17.6,,,,,2,8.8,,,,N,N,,,,New Tag 970
_137,PostBurnYear1,2021,703,PIJE,D,N,41.15,16.2,,,,,1,5,16.2,100,0,N,N,,,,
_137,PostBurnYear1,2021,704,PIJE,D,N,56.3,20.4,,,,,2,4.8,,,0,N,N,,,,
_137,PostBurnYear1,2021,705,PIJE,L,N,64,20.5,100,C,5.7,3,,0.4,5.6,3,0,N,N,,,,
_137,PostBurnYear1,2021,707,QUKE,L,N,47.1,9.8,60,I,1,1.62,,0,,,0,N,N,,,,
_137,PostBurnYear1,2021,708,QUKE,L,N,43.3,8.6,80,I,0.9,2.5,,0,,,0,N,N,,,,
_138,PostBurnYear1,2021,,,,,,,,,,,,,,,,,,,,,
_138,PostBurnYear1,2021,781,PIJE,D,N,,,,,,,,,,,,,,,,,
_138,PostBurnYear1,2021,782,PIJE,L,N,24.05,7.8,30,I,6.2,0.55,,2.6,6.4,65,5,N,N,,,,
_138,PostBurnYear1,2021,784,QUKE,L,N,146.5,22.6,30,D,4.4,6,,0,0,0,0,Y,N,,,,
_138,PostBurnYear1,2021,785,PIJE,D,N,23.65,6,,,,,1,3,6,100,0,N,N,,,,New Tag 169
_138,PostBurnYear1,2021,786,PIJE,L,N,25.7,8.2,10,I,6.4,1,,4.6,6.4,88,2,N,N,,,,
_138,PostBurnYear1,2021,787,PIJE,L,N,26.75,10,10,I,8,1,,4,8.8,85,5,N,N,,,,
_138,PostBurnYear1,2021,788,PIJE,L,N,25.5,9.6,10,I,8,1.1,,5,9.2,89,1,N,N,,,,
_139,PostBurnYear1,2021,,,,,,,,,,,,,,,,,,,,,
_139,PostBurnYear1,2021,771,PIJE,L,N,59.9,26.2,90,C,15.5,2.25,,2.6,15.2,10,0,N,N,,,,
_139,PostBurnYear1,2021,772,PIJE,L,N,78.5,27,80,C,24,3.25,,4.8,15,20,0,N,N,,,,
_139,PostBurnYear1,2021,773,QUKE,D,N,,,,,,,,,,,0,N,N,,,,
_139,PostBurnYear1,2021,776,QUKE,L,N,12.6,7.2,70,I,1.4,1.1,,0.35,0,0,0,N,N,,,,
_139,PostBurnYear1,2021,777,PIJE,L,N,47.85,20.8,90,C,12.3,2,,2.4,11.2,10,0,N,N,,,,
_139,PostBurnYear1,2021,778,PIJE,L,N,40.55,20,90,C,14.8,1.75,,2.1,14.5,5,0,N,N,,,,
_140,PostBurnYear1,2021,,,,,,,,,,,,,,,,,,,,,
_140,PostBurnYear1,2021,514,PIJE,L,N,28.8,12.4,80,I,5,2.1,,1.5,4.2,20,,N,N,,,,
_140,PostBurnYear1,2021,515,PIJE,L,N,12.2,5.6,80,I,0.8,1.5,,0.15,1,2,,N,N,,,,
_140,PostBurnYear1,2021,516,PIJE,L,N,52.5,19,80,C,9.6,2.75,,1.2,0,0,,N,N,,,,
_140,PostBurnYear1,2021,517,PIJE,L,N,11.55,5.5,40,S,2.5,1,,0.5,3.2,30,,N,N,,,,
_140,PostBurnYear1,2021,518,PIJE,L,N,19,9.9,95,I,3.6,1.55,,0.3,1.5,0.5,,N,N,,,,
_140,PostBurnYear1,2021,519,PIJE,L,N,45.6,19,80,C,7.5,2.25,,2.4,7,5,,N,N,,,,
_140,PostBurnYear1,2021,520,PIJE,L,N,19.45,12.4,70,I,6,1.75,,1.4,0,0,,N,N,,,,
_141,PostBurnYear1,2021,,,,,,,,,,,,,,,,,,,,,
_141,PostBurnYear1,2021,501,PIJE,L,N,29.5,9.6,70,I,4,2,,1.4,4,20,0.5,N,N,,,,
_141,PostBurnYear1,2021,507,PIJE,L,N,33.4,16.2,95,C,5.6,2.5,,1.8,3.2,0.5,,N,N,,,,
_141,PostBurnYear1,2021,508,PIJE,L,N,30.65,15.4,70,I,5.2,2,,2.2,4.4,5,,N,N,,,,
_141,PostBurnYear1,2021,509,PIJE,L,N,41.75,18.8,95,C,6.6,2.7,,1.6,0,0,,N,N,,,,
_141,PostBurnYear1,2021,510,PIJE,L,N,44.4,18.4,90,C,8.4,2.5,,4,6,3,,N,N,,,,
_141,PostBurnYear1,2021,511,QUKE,L,N,93,7.2,40,I,1.6,3.7,,2.6,6.5,30,0.5,N,N,,,,
_141,PostBurnYear1,2021,512,QUKE,D,N,73.7,7.6,,,,,1,6,7.6,100,0.5,N,N,,,,
_141,PostBurnYear1,2021,513,PIJE,L,N,33.2,12.2,50,C,6.6,2,,3.1,5.6,50,0.5,N,N,,,,
_142,PostBurnYear1,2021,,,,,,,,,,,,,,,,,,,,,
_142,PostBurnYear1,2021,570,QUKE,L,N,8.4,6,80,S,1.3,1.25,,0,2,5,,Y,N,,,,
_142,PostBurnYear1,2021,571,QUKE,D,N,47.6,10.8,,,,,1,2.3,10.8,100,,N,N,,,,
_142,PostBurnYear1,2021,574,PIJE,L,N,17.9,8.2,20,S,6,1.5,,2.2,6.9,80,3,N,N,,,,
_142,PostBurnYear1,2021,575,PIJE,L,N,72.9,27.5,100,C,10,3.5,,4,0,0,,N,N,,,,
_142,PostBurnYear1,2021,576,QUKE,L,N,10,6.4,80,I,1.4,1.6,,0,2.2,20,,Y,N,,,,
_142,PostBurnYear1,2021,577,PIJE,L,N,23.5,11.4,90,I,1.8,1.4,,1.2,3.5,3,,N,N,,,,
_142,PostBurnYear1,2021,582,PIJE,L,N,29.05,8.8,90,S,4.2,2,,2.5,4.2,10,,N,N,,,,
_142,PostBurnYear1,2021,583,PIJE,L,N,56.4,20,100,C,9.5,3.5,,3,8.8,1,,N,N,,,,
_143,PostBurnYear1,2021,,,,,,,,,,,,,,,,,,,,,
_143,PostBurnYear1,2021,533,QUKE,D,N,,,,,,,,,,,,N,N,,,,
_143,PostBurnYear1,2021,534,PIJE,D,N,,,,,,,,,,,,N,N,,,,
_143,PostBurnYear1,2021,535,QUKE,L,N,46,10.2,50,I,2,2.85,,0,5,15,,N,N,,,,
_143,PostBurnYear1,2021,536,QUKE,L,N,49.9,9.8,70,I,4.5,3.75,,0,6,5,,N,N,,,,
_143,PostBurnYear1,2021,537,PIJE,L,N,40.1,13.8,80,C,5.5,2,,4,6.4,15,,N,N,,,,
_143,PostBurnYear1,2021,538,QUKE,L,N,11.55,6.2,50,I,3.2,0.75,,0,5.7,50,,N,N,,,,
_143,PostBurnYear1,2021,539,QUKE,L,N,12.8,7.8,20,I,4.4,0.45,,0,7,80,,N,N,,,,
_143,PostBurnYear1,2021,540,QUKE,D,Y,6.85,3.8,,,,,1,0,,,,N,N,,,,
_143,PostBurnYear1,2021,541,PIJE,D,N,21.4,9.2,,,,,1,8.2,9.2,100,1,N,N,,,,
_143,PostBurnYear1,2021,543,PIJE,L,N,32,13,60,C,5,2.05,,3.2,4.8,30,,N,N,,,,
_144,PostBurnYear1,2021,,,,,,,,,,,,,,,,,,,,,
_144,PostBurnYear1,2021,525,PIJE,D,N,26.6,9.4,,,,,1,0,,,,N,N,,,,
_144,PostBurnYear1,2021,526,PIJE,L,N,19.85,6.6,80,I,1.5,1.25,,0.5,2,10,,N,N,,,,
_144,PostBurnYear1,2021,527,QUKE,L,N,38.2,12,100,I,1,0.5,,0,,,,N,N,,,,
_144,PostBurnYear1,2021,528,PIJE,L,N,54.4,18.8,80,C,7.4,3.7,,2.2,,,,N,N,,,,
_144,PostBurnYear1,2021,529,PIJE,L,N,39.95,16.4,95,I,6.8,3.4,,0.3,,,,N,N,,,,
_144,PostBurnYear1,2021,530,PIJE,L,N,69.7,25.4,80,C,13.6,6.8,,0.1,,,,N,N,,,,
_145,PostBurnYear1,2021,,,,,,,,,,,,,,,,,,,,,
_145,PostBurnYear1,2021,545,PIJE,L,N,61.85,23,100,C,14,3,,3,,,,N,N,,,,
_145,PostBurnYear1,2021,547,QUKE,D,N,,,,,,,,,,,,N,N,,,,Gone
_145,PostBurnYear1,2021,551,PIJE,L,N,77.05,28.4,100,D,13.5,4,,4.4,,,,N,N,,,,
_145,PostBurnYear1,2021,552,PIJE,D,N,,,,,,,,,,,,N,N,,,,Gone
_145,PostBurnYear1,2021,554,PIJE,L,N,43.8,22,90,C,10,1.25,,4.5,,,,N,N,,,,
_145,PostBurnYear1,2021,555,PIJE,L,N,52.85,24,100,C,12,1.75,,4,,,,N,N,,,,
_145,PostBurnYear1,2021,556,PIJE,L,N,60.4,24.8,90,C,11.2,2.5,,4,,,,N,N,,,,
_145,PostBurnYear1,2021,557,PIJE,L,N,17.8,8.6,20,S,7.2,0.9,,3.4,7.2,40,20,N,N,,,,
_145,PostBurnYear1,2021,558,PIJE,D,N,14.55,7.8,,,,,2,2.2,,,,N,N,,,,
_145,PostBurnYear1,2021,562,PIJE,L,N,53.9,23,100,C,15,2.25,,2.2,,,,N,N,,,,
_145,PostBurnYear1,2021,563,PIJE,L,N,20.5,10.2,40,S,6.2,2,,2.4,6,20,15,N,N,,,,
_145,PostBurnYear1,2021,565,QUKE,L,N,8.75,5.8,60,S,2.3,2.05,,0.3,4.5,40,2,Y,Y,37,40,7,
_146,PostBurnYear1,2021,,,,,,,,,,,,,,,,,,,,,
_146,PostBurnYear1,2021,849,PIJE,L,N,60.1,19.2,100,C,6.5,4.2,,2.4,,,,N,N,,,,
_146,PostBurnYear1,2021,851,PIJE,D,N,17.6,6.5,,,,,2,0,,,,N,N,,,,
_146,PostBurnYear1,2021,854,QUKE,L,N,54,8.2,70,C,1,4.25,,0,,,,N,N,,,,
_146,PostBurnYear1,2021,855,QUKE,L,N,50.6,10.8,90,C,0.4,4.5,,0,,,,N,N,,,,
_146,PostBurnYear1,2021,866,QUKE,L,N,52.5,11.8,100,C,1,6.5,,0,,,,N,N,,,,
_147,PostBurnYear1,2021,,,,,,,,,,,,,,,,,,,,,
_147,PostBurnYear1,2021,863,QUKE,L,N,8.05,6,100,I,1.5,1.6,,0,,,,N,N,,,,
_147,PostBurnYear1,2021,864,QUKE,L,N,8.4,6,100,I,1.2,1.7,,0,,,,N,N,,,,
_147,PostBurnYear1,2021,868,QUKE,L,N,18.65,8.4,100,I,1.4,2.5,,0,,,,N,N,,,,
_147,PostBurnYear1,2021,869,PIJE,L,N,35.1,12.8,90,I,2.3,3,,1.8,2.5,0.5,,N,N,,,,
_147,PostBurnYear1,2021,870,QUKE,L,N,11.4,6.2,80,S,2.2,2.25,,4.7,,,,Y,Y,47,98,33,
_147,PostBurnYear1,2021,871,PIJE,L,N,57.1,20.5,100,C,9.2,4.1,,0,,,,N,N,,,,
_147,PostBurnYear1,2021,873,QUKE,L,N,37.1,8.2,20,C,1.4,3.5,,0,,,,N,Y,64,97,1,
_148,PostBurnYear1,2021,,,,,,,,,,,,,,,,,,,,,
_148,PostBurnYear1,2021,874,QUKE,D,N,48.5,9.5,,,,,2,1.4,,,,N,N,,,,
_148,PostBurnYear1,2021,875,QUKE,D,N,54,9.4,,,,,1,0.8,,,,N,N,,,,
_148,PostBurnYear1,2021,877,QUKE,L,N,51.65,12.8,70,C,0.7,3.6,,0,,,,N,N,,,,
_148,PostBurnYear1,2021,878,PIJE,L,N,36.3,14.1,90,C,5.5,3.35,,1.25,,,,N,N,,,,
_148,PostBurnYear1,2021,879,QUKE,L,N,8,5.2,100,S,1,1.75,,0,,,,N,N,,,,
_148,PostBurnYear1,2021,882,QUKE,L,N,53,11.5,40,C,1.4,3.35,,2.5,,,,N,N,,,,
_148,PostBurnYear1,2021,883,QUKE,L,N,66.4,11,70,C,1.4,4.5,,0,,,,N,N,,,,
_148,PostBurnYear1,2021,884,PIJE,L,N,18.8,7.8,80,I,2.6,2.5,,1.8,2.5,1,,N,N,,,,
_148,PostBurnYear1,2021,885,PIJE,L,N,36.45,14.2,90,C,7.5,3,,1.4,,,,N,N,,,,
_148,PostBurnYear1,2021,880,QUKE,L,N,8,6.1,100,S,0.9,2.1,,0,,,,N,N,,,,
_149,PostBurnYear1,2021,,,,,,,,,,,,,,,,,,,,,
_149,PostBurnYear1,2021,801,PIJE,L,N,37.8,14.8,100,C,9,3,,4,,,,N,N,,,,
_149,PostBurnYear1,2021,802,PIJE,L,N,22.3,12.2,90,I,8,2.15,,2,,,,N,N,,,,
_149,PostBurnYear1,2021,803,QUKE,L,N,39.1,11,60,I,3.4,2.5,,0,,,,N,N,,,,
_149,PostBurnYear1,2021,804,QUKE,L,N,35.2,12.6,80,I,4.6,2.75,,0,,,,N,N,,,,
_149,PostBurnYear1,2021,805,QUKE,L,N,30.4,10.6,80,I,4.1,2.1,,0,,,,N,N,,,,
_149,PostBurnYear1,2021,806,PIJE,L,N,26.3,12.2,50,C,8,1.65,,1,8.8,50,,N,N,,,,
_149,PostBurnYear1,2021,807,PIJE,L,N,14.35,7.6,60,S,4.4,1.4,,0.35,,,,N,N,,,,
_149,PostBurnYear1,2021,808,QUKE,L,N,52.2,11.2,90,I,2,4.1,,0.1,,,,N,N,,,,
_149,PostBurnYear1,2021,809,PIJE,L,N,10.3,5.5,40,I,3,1.25,,0.8,,,,N,N,,,,
_149,PostBurnYear1,2021,810,PIJE,L,N,28.95,11.6,90,I,5.1,2,,2.2,,,,N,N,,,,
_149,PostBurnYear1,2021,811,PIJE,L,N,15.1,7.6,100,I,4.2,1.5,,1,,,,N,N,,,,
_149,PostBurnYear1,2021,813,PIJE,L,N,24.1,9.6,90,I,5,2,,4,,,,N,N,,,,
_149,PostBurnYear1,2021,814,PIJE,L,N,22.5,9.6,100,I,5,2.25,,0.9,,,,N,N,,,,
_149,PostBurnYear1,2021,815,PIJE,D,N,7.65,4.2,,,,,1,0.75,,,,N,N,,,,
_149,PostBurnYear1,2021,816,PIJE,L,N,23.95,10.6,100,C,5.2,1.95,,2.4,,,,N,N,,,,
_149,PostBurnYear1,2021,818,PIJE,L,N,29.8,12.6,90,C,7.4,2.25,,0.8,,,,N,N,,,,
_149,PostBurnYear1,2021,819,PIJE,L,N,23.85,8.6,30,I,5.8,1,,3,,,,N,N,,,,
_149,PostBurnYear1,2021,820,PIJE,L,N,27,11.2,50,I,7.6,1.75,,1.4,,,,N,N,,,,
_149,PostBurnYear1,2021,821,PIJE,L,N,40.9,14.6,70,C,9.8,2,,6,9.8,30,,N,N,,,,
_149,PostBurnYear1,2021,822,PIJE,L,N,68.2,22,90,C,11,5.25,,2.2,,,,N,N,,,,
_149,PostBurnYear1,2021,823,QUKE,D,N,35.1,8.4,,,,,1,1,,,,N,N,,,,
_150,PostBurnYear1,2021,,,,,,,,,,,,,,,,,,,,,
_150,PostBurnYear1,2021,837,QUKE,L,N,67.6,16.6,60,C,1.6,4.5,,0,,,,N,N,,,,
_150,PostBurnYear1,2021,838,QUKE,L,N,48.9,11.5,80,C,1.7,4.75,,0,,,,N,N,,,,
_150,PostBurnYear1,2021,840,QUKE,L,N,13.3,6.5,100,I,1,2.1,,0,,,,N,N,,,,
_150,PostBurnYear1,2021,842,QUKE,L,N,10.7,6,80,I,0.2,1.6,,0,,,,N,N,,,,
_150,PostBurnYear1,2021,843,QUKE,D,N,64.85,17.4,,,,,2,2.5,,,,N,N,,,,
_151,PostBurnYear1,2021,,,,,,,,,,,,,,,,,,,,,
_151,PostBurnYear1,2021,585,QUKE,L,N,27.5,10.8,90,C,1,3.5,,0,,,,N,N,,,,
_151,PostBurnYear1,2021,587,QUKE,L,N,9.95,6,60,I,1.4,2,,0,,,,N,N,,,,
_151,PostBurnYear1,2021,588,QUKE,L,N,10.8,6.5,70,I,1.5,2.5,,0,,,,N,N,,,,
_151,PostBurnYear1,2021,589,QUKE,L,N,15,8,90,C,1.75,2.75,,0,,,,N,N,,,,
_151,PostBurnYear1,2021,591,QUKE,L,N,13.55,8.2,100,C,1.2,2.5,,0,,,,N,N,,,,
_151,PostBurnYear1,2021,592,QUKE,L,N,8.25,5,100,I,1.1,1.75,,0,,,,N,N,,,,
_151,PostBurnYear1,2021,594,QUKE,L,N,10.9,5,100,I,0.5,2.1,,0,,,,N,N,,,,
_151,PostBurnYear1,2021,595,QUKE,L,N,16.8,7.2,100,O,0.7,2.25,,0,,,,N,N,,,,
_152,PostBurnYear1,2021,,,,,,,,,,,,,,,,,,,,,
_152,PostBurnYear1,2021,201,QUKE,D,N,84.5,2.3,,,,,5,7.4,,,,N,N,,,,
_152,PostBurnYear1,2021,203,PIJE,L,N,54.3,20.2,100,C,10.6,3.25,,5.2,,,,N,N,,,,
_152,PostBurnYear1,2021,204,PIJE,L,N,20.15,8.6,100,I,3.2,1.4,,1.4,,,,N,N,,,,
_152,PostBurnYear1,2021,205,PIJE,L,N,64.5,19.8,100,C,10.6,3.5,,0.5,,,,N,N,,,,
_152,PostBurnYear1,2021,206,PIJE,L,N,64.3,21.8,100,C,11.2,3,,0.4,,,,N,N,,,,
_152,PostBurnYear1,2021,207,PIJE,L,N,49.15,17,100,C,13.2,2.75,,0.3,,,,N,N,,,,
_152,PostBurnYear1,2021,208,PIJE,L,N,50.2,18.2,100,C,7.6,2.5,,0,,,,N,N,,,,
_153,PostBurnYear1,2021,,,,,,,,,,,,,,,,,,,,,
_153,PostBurnYear1,2021,174,QUKE,D,N,58.85,9,,,,,3,,,,,N,N,,,,
_153,PostBurnYear1,2021,175,QUKE,D,N,,,,,,,,,,,,N,N,,,,
_153,PostBurnYear1,2021,176,QUKE,D,N,51.85,7,,,,,2,,,,,N,N,,,,
_154,PostBurnYear1,2021,,,,,,,,,,,,,,,,,,,,,
_154,PostBurnYear1,2021,101,PIJE,L,N,8.5,3.1,100,I,0.3,0.75,,0,,,,N,N,,,,
_154,PostBurnYear1,2021,102,PIJE,L,N,41.9,18.2,80,C,11.2,2,,0.2,,,,N,N,,,,
_154,PostBurnYear1,2021,103,PIJE,L,N,47.2,19,90,C,10.4,2.5,,0.2,,,,N,N,,,,
_154,PostBurnYear1,2021,104,PIJE,L,N,26.3,10.9,90,I,4.6,1.75,,0.5,,,,N,N,,,,
_154,PostBurnYear1,2021,105,PIJE,L,N,9.95,3.9,100,S,0.5,1.4,,0.7,,,,N,N,,,,
_154,PostBurnYear1,2021,106,QUKE,L,N,91.1,18.4,100,C,1.5,4.5,,0,,,,N,N,,,,
_154,PostBurnYear1,2021,107,PIJE,L,N,49.5,15,80,C,10.4,2,,0,,,,N,N,,,,
_156,PostBurnYear1,2021,,,,,,,,,,,,,,,,,,,,,
_156,PostBurnYear1,2021,151,QUCH2,L,N,13.95,7,90,I,0.1,1.5,,0,,,,N,N,,,,
_156,PostBurnYear1,2021,152,QUCH2,L,N,26.5,10.2,90,I,0.5,3.5,,0,,,,N,N,,,,
_156,PostBurnYear1,2021,153,QUCH2,L,N,24.9,10.5,90,I,2,3,,0,,,,N,N,,,,
_156,PostBurnYear1,2021,154,PIJE,D,N,11.35,3.4,,,,,1,0,,,,N,N,,,,
_156,PostBurnYear1,2021,155,PIJE,L,N,20.8,10.8,40,I,6.2,1.5,,2.5,,,,N,N,,,,
_156,PostBurnYear1,2021,156,PIJE,L,N,32.8,12,70,C,5.6,1.75,,4,,,,N,N,,,,
_156,PostBurnYear1,2021,157,PIJE,D,N,,,,,,,1,,,,,N,N,,,,
_156,PostBurnYear1,2021,158,PIJE,L,N,26.9,9.7,70,I,2.5,1,,2,,,,N,N,,,,
_156,PostBurnYear1,2021,159,QUKE,D,N,10.3,1.5,,,,,5,1.5,,,,N,N,,,,
_156,PostBurnYear1,2021,160,QUKE,L,N,58.8,9.2,70,C,0.1,4.25,,0,,,,N,N,,,,
_156,PostBurnYear1,2021,161,PIJE,L,N,14.8,8,90,I,2,0.85,,0.4,,,,N,N,,,,
_156,PostBurnYear1,2021,162,PIJE,L,N,20.3,7,80,S,3.8,1.25,,1,,,,N,N,,,,
_156,PostBurnYear1,2021,163,PIJE,L,N,31.5,11.8,90,C,2.1,1.45,,1.4,,,,N,N,,,,
_156,PostBurnYear1,2021,165,PIJE,L,N,13.85,6.2,90,S,1.9,1.2,,0.5,,,,N,N,,,,
_156,PostBurnYear1,2021,166,QUKE,L,N,46.1,6.4,90,I,1.1,3.75,,0,,,,N,N,,,,
_156,PostBurnYear1,2021,167,QUKE,D,N,29.3,2.7,,,,,3,0,,,,N,N,,,,
_156,PostBurnYear1,2021,168,QUKE,L,N,34.55,9,80,S,0.4,2,,0,,,,N,N,,,,
_156,PostBurnYear1,2021,169,QUKE,L,N,55.3,8.4,90,S,2.2,1.5,,0,,,,N,N,,,,
_156,PostBurnYear1,2021,170,QUKE,L,N,47.4,15,90,C,8.6,4.5,,0,,,,N,N,,,,
_156,PostBurnYear1,2021,171,QUKE,L,N,32.1,10.8,80,S,5.4,1.25,,0,,,,N,N,,,,
_156,PostBurnYear1,2021,964,PIJE,L,N,13.9,5.4,90,S,2.1,1,,0,,,,N,N,,,,
_157,PostBurnYear1,2021,,,,,,,,,,,,,,,,,,,,,
_157,PostBurnYear1,2021,141,PIJE,L,N,47.5,17.8,30,C,13.8,1.75,,7.2,,,,N,N,,,,
_157,PostBurnYear1,2021,142,PIJE,L,N,63.5,20.4,70,C,15,2.5,,5.2,,,,N,N,,,,
_157,PostBurnYear1,2021,146,QUKE,L,N,43.6,5,5,I,5,0.25,,0,,,,N,N,,,,
_157,PostBurnYear1,2021,147,PIJE,L,N,52.7,18.6,80,C,12.8,2.75,,3.1,,,,N,N,,,,
_157,PostBurnYear1,2021,148,PIJE,L,N,60.8,22.2,90,C,12.4,2.38,,6.2,,,,N,N,,,,
_158,PostBurnYear1,2021,,,,,,,,,,,,,,,,,,,,,
_158,PostBurnYear1,2021,109,PIJE,L,N,51.65,15.2,60,C,11.6,2.5,,0,,,,N,N,,,,
_158,PostBurnYear1,2021,110,QUKE,L,N,116.4,6,40,S,1.8,1.5,,0,,,,N,N,,,,
_158,PostBurnYear1,2021,113,PIJE,L,N,8,4.2,60,S,1.7,0.5,,0,,,,N,N,,,,
_158,PostBurnYear1,2021,114,PIJE,L,N,49.3,16.2,80,C,8.4,2.25,,0,,,,N,N,,,,
_158,PostBurnYear1,2021,116,PIJE,L,N,36.6,18.2,80,C,10.2,1.6,,0,,,,N,N,,,,
_158,PostBurnYear1,2021,117,PIJE,L,N,25.55,12.6,30,I,10,1,,0,,,,N,N,,,,
_158,PostBurnYear1,2021,118,QUKE,L,N,65.1,14.6,100,C,2.5,4.5,,0,,,,N,N,,,,
_158,PostBurnYear1,2021,119,QUKE,L,N,70.45,15.6,100,C,0.3,4.25,,0,,,,N,N,,,,
_158,PostBurnYear1,2021,120,PIJE,L,N,14.7,5,90,S,1.5,1.25,,0,,,,N,N,,,,
_158,PostBurnYear1,2021,121,PIJE,L,N,12.4,4.8,70,S,1.8,0.75,,0,,,,N,N,,,,
_158,PostBurnYear1,2021,123,QUKE,L,N,21.4,8.6,100,I,0.5,2.6,,0,,,,N,N,,,,
_158,PostBurnYear1,2021,124,QUKE,L,N,8.45,6.5,100,I,1.5,1.25,,0,,,,N,N,,,,
_158,PostBurnYear1,2021,127,QUKE,L,N,26,8,100,I,0.7,3.25,,0,,,,N,N,,,,
_158,PostBurnYear1,2021,131,PIJE,L,N,42.55,18,90,C,11,1.75,,0,,,,N,N,,,,
_158,PostBurnYear1,2021,133,PIJE,L,N,10.3,5,50,S,2.4,0.8,,0,,,,N,N,,,,
_158,PostBurnYear1,2021,134,PIJE,L,N,63.2,22,100,C,15,2,,0,,,,N,N,,,,
_158,PostBurnYear1,2021,135,PIJE,L,N,42.9,18.6,100,C,12.2,2.1,,0,,,,N,N,,,,
_158,PostBurnYear1,2021,138,PIJE,L,N,12.95,5.8,80,S,0.7,0.95,,0,,,,N,N,,,,
_158,PostBurnYear1,2021,139,PIJE,D,N,14.4,4.5,,,,,2,0,,,,N,N,,,,
_158,PostBurnYear1,2021,140,PIJE,L,N,45,17.4,70,C,11.2,2,,0,,,,N,N,,,,
